song_id,appearance_count,canonical_title,current_zh,suggested_zh,zh_action,zh_confidence,zh_note,current_en,suggested_en,en_action,en_confidence,en_note,source_summary,source_urls
SONG-0454,81,Hand in Hand（初音ミク単独版）,Hand in Hand（初音ミク単独版）,Hand in Hand（初音未来单独版）,TRANSLATE,high,Base title is official English; only the archive-specific version suffix is localized.,Hand in Hand（初音ミク単独版）,Hand in Hand (Hatsune Miku Solo Version),TRANSLATE,high,Base title is official/PJSK; suffix is an archive-specific descriptive distinction.,"PJSK JP/EN/CN: Hand in Hand/Hand in Hand/Hand in Hand | VocaDB: English=Hand in Hand, Unspecified=Hand in Hand (Magical Mirai ver.) | Vocaloid Wiki page: Hand in Hand | Chinese community check: Hand in Hand（初音未来单独版）",https://github.com/Sekai-World/sekai-master-db-diff/blob/main/musics.json | https://vocadb.net/S/89726 | https://vocaloid.fandom.com/wiki/Hand_in_Hand | https://search.bilibili.com/all?keyword=%22Hand+in+Hand%EF%BC%88%E5%88%9D%E9%9F%B3%E3%83%9F%E3%82%AF%E5%8D%98%E7%8B%AC%E7%89%88%EF%BC%89%22+%22Hand+in+Hand%EF%BC%88%E5%88%9D%E9%9F%B3%E6%9C%AA%E6%9D%A5%E5%8D%95%E7%8B%AC%E7%89%88%EF%BC%89%22
SONG-0229,63,それがあなたの幸せとしても,それがあなたの幸せとしても,即便那就是你的幸福,TRANSLATE,high,High-view Bilibili/PJSK community usage; alternate wording 即使那就是你的幸福 also exists.,Sorega Anata No Shiawase To Shitemo,Sorega Anata No Shiawase To Shitemo,CURRENT,high,Existing en value is outside this audit gap.,"PJSK JP/EN/CN: それがあなたの幸せとしても/Sorega Anata No Shiawase To Shitemo/それがあなたの幸せとしても | VocaDB: Japanese=それがあなたの幸せとしても, Romaji=Sore ga Anata no Shiawase to Shite mo, English=Even If It's Your Happiness, Unspecified=Even If It's the Happiness of You, Unspecified=Even If You Assume That It is Your Happiness, Unspecified=그것이 당신의 행복이라 할지라도 | Vocaloid Wiki: English=Even If It's Your Happiness, Romaji=Sore ga Anata no Shiawase to Shite mo | Chinese community check: 即便那就是你的幸福",https://github.com/Sekai-World/sekai-master-db-diff/blob/main/musics.json | https://vocadb.net/S/26010 | https://vocaloid.fandom.com/wiki/%E3%81%9D%E3%82%8C%E3%81%8C%E3%81%82%E3%81%AA%E3%81%9F%E3%81%AE%E5%B9%B8%E3%81%9B%E3%81%A8%E3%81%97%E3%81%A6%E3%82%82_%28Sore_ga_Anata_no_Shiawase_to_Shite_mo%29 | https://search.bilibili.com/all?keyword=%22%E3%81%9D%E3%82%8C%E3%81%8C%E3%81%82%E3%81%AA%E3%81%9F%E3%81%AE%E5%B9%B8%E3%81%9B%E3%81%A8%E3%81%97%E3%81%A6%E3%82%82%22+%22%E5%8D%B3%E4%BE%BF%E9%82%A3%E5%B0%B1%E6%98%AF%E4%BD%A0%E7%9A%84%E5%B9%B8%E7%A6%8F%22
SONG-0007,55,39みゅーじっく！,39みゅーじっく！,39みゅーじっく！,KEEP_ORIGINAL,low,No stable Chinese localized title found across checked sources; preserve official/original title.,39Music!,39Music!,CURRENT,high,Existing en value is outside this audit gap.,"PJSK JP/EN/CN: 39みゅーじっく！/39Music!/39みゅーじっく！ | Vocaloid Wiki: English=39 Music!, Romaji=San Kyuu Myuujikku!",https://github.com/Sekai-World/sekai-master-db-diff/blob/main/musics.json | https://vocaloid.fandom.com/wiki/39%E3%81%BF%E3%82%85%E3%83%BC%E3%81%98%E3%81%A3%E3%81%8F%EF%BC%81_%2839_Music%21%29
SONG-0258,53,ハイパーリアリティショウ,ハイパーリアリティショウ,超现实主义,REVIEW,low,"Bilibili fan-sub usage exists, but this is more interpretive than a stable title translation.",Hyper Reality Show,Hyper Reality Show,CURRENT,high,Existing en value is outside this audit gap.,"Vocaloid Wiki: English=Hyper Reality Show, Romaji=Haipaa Riariti Shou | Chinese community check: 超现实主义",https://vocaloid.fandom.com/wiki/%E3%83%8F%E3%82%A4%E3%83%91%E3%83%BC%E3%83%AA%E3%82%A2%E3%83%AA%E3%83%86%E3%82%A3%E3%82%B7%E3%83%A7%E3%82%A6_%28Hyper_Reality_Show%29 | https://search.bilibili.com/all?keyword=%22%E3%83%8F%E3%82%A4%E3%83%91%E3%83%BC%E3%83%AA%E3%82%A2%E3%83%AA%E3%83%86%E3%82%A3%E3%82%B7%E3%83%A7%E3%82%A6%22+%22%E8%B6%85%E7%8E%B0%E5%AE%9E%E4%B8%BB%E4%B9%89%22
SONG-0315,53,ラッキー☆オーブ,ラッキー☆オーブ,ラッキー☆オーブ,KEEP_ORIGINAL,low,No stable Chinese localized title found across checked sources; preserve official/original title.,Lucky☆Orb,Lucky☆Orb,CURRENT,high,Existing en value is outside this audit gap.,"PJSK JP/EN/CN: ラッキー☆オーブ/Lucky☆Orb/ラッキー☆オーブ | VocaDB: Japanese=ラッキー☆オーブ, English=Lucky☆Orb, Unspecified=럭키☆오브 | Vocaloid Wiki: Official English=Lucky☆Orb, Romaji=Rakki☆Oobu",https://github.com/Sekai-World/sekai-master-db-diff/blob/main/musics.json | https://vocadb.net/S/217889 | https://vocaloid.fandom.com/wiki/%E3%83%A9%E3%83%83%E3%82%AD%E3%83%BC%E2%98%86%E3%82%AA%E3%83%BC%E3%83%96_%28Lucky%E2%98%86Orb%29
SONG-0054,51,Hand in Hand（6人版）,Hand in Hand（6人版）,Hand in Hand（6人版）,CURRENT,high,Existing zh value is outside this audit gap.,Hand in Hand（6人版）,Hand in Hand (6-Vocalist Version),TRANSLATE,medium,Base title is official/PJSK; suffix is an archive-specific descriptive distinction.,"PJSK JP/EN/CN: Hand in Hand/Hand in Hand/Hand in Hand | VocaDB: English=Hand in Hand, Unspecified=Hand in Hand (Magical Mirai ver.) | Vocaloid Wiki page: Hand in Hand",https://github.com/Sekai-World/sekai-master-db-diff/blob/main/musics.json | https://vocadb.net/S/89726 | https://vocaloid.fandom.com/wiki/Hand_in_Hand
SONG-0195,49,キレキャリオン,キレキャリオン,キレキャリオン,KEEP_ORIGINAL,low,No stable Chinese localized title found across checked sources; preserve official/original title.,Kire Carry On,Kire Carry On,CURRENT,high,Existing en value is outside this audit gap.,"Vocaloid Wiki: Official English=Kire Carry On, English=Kill Carry On, Romaji=Kire Kyari On",https://vocaloid.fandom.com/wiki/%E3%82%AD%E3%83%AC%E3%82%AD%E3%83%A3%E3%83%AA%E3%82%AA%E3%83%B3_%28Kire_Carry_On%29
SONG-0326,44,レッドランドマーカー,レッドランドマーカー,レッドランドマーカー,KEEP_ORIGINAL,low,No stable Chinese localized title found across checked sources; preserve official/original title.,Red Land Marker,Red Land Marker,CURRENT,high,Existing en value is outside this audit gap.,"PJSK JP/EN/CN: レッドランドマーカー/Red Land Marker/レッドランドマーカー | VocaDB: Japanese=レッドランドマーカー, English=Red Land Marker, Unspecified=레드 랜드 마커 | Vocaloid Wiki: Official English=Red Land Marker, Romaji=Reddo Rando Maakaa",https://github.com/Sekai-World/sekai-master-db-diff/blob/main/musics.json | https://vocadb.net/S/450680 | https://vocaloid.fandom.com/wiki/%E3%83%AC%E3%83%83%E3%83%89%E3%83%A9%E3%83%B3%E3%83%89%E3%83%9E%E3%83%BC%E3%82%AB%E3%83%BC_%28Red_Land_Marker%29
SONG-0319,41,リテラシー,リテラシー,リテラシー,KEEP_ORIGINAL,low,No stable Chinese localized title found across checked sources; preserve official/original title.,Literacy,Literacy,CURRENT,high,Existing en value is outside this audit gap.,"VocaDB: English=Literacy, Japanese=リテラシー | Vocaloid Wiki: English=Literacy, Romaji=Ritarashi",https://vocadb.net/S/344890 | https://vocaloid.fandom.com/wiki/%E3%83%AA%E3%83%86%E3%83%A9%E3%82%B7%E3%83%BC_%28Literacy%29
SONG-0152,38,あったかいと,あったかいと,あったかいと,KEEP_ORIGINAL,low,No stable Chinese localized title found across checked sources; preserve official/original title.,AttaKAITO,AttaKAITO,CURRENT,high,Existing en value is outside this audit gap.,"PJSK JP/EN/CN: あったかいと/AttaKAITO/あったかいと | VocaDB: Japanese=あったかいと, Romaji=Attakaito, English=Warm Kaito, Unspecified=따뜻하니까 | Vocaloid Wiki: Official English=AttaKAITO, English=Warm Kaito, Romaji=Attakaito",https://github.com/Sekai-World/sekai-master-db-diff/blob/main/musics.json | https://vocadb.net/S/107188 | https://vocaloid.fandom.com/wiki/%E3%81%82%E3%81%A3%E3%81%9F%E3%81%8B%E3%81%84%E3%81%A8_%28Attakaito%29
SONG-0336,36,愛の詩,愛の詩,爱之诗,TRANSLATE,medium,Established Chinese Vocaloid community usage.,Love Song,Love Song,CURRENT,high,Existing en value is outside this audit gap.,"Vocaloid Wiki: English=Love Song, Romaji=Ai no Uta | Chinese community check: 爱之诗",https://vocaloid.fandom.com/wiki/%E6%84%9B%E3%81%AE%E8%A9%A9_%28Ai_no_Uta%29 | https://search.bilibili.com/all?keyword=%22%E6%84%9B%E3%81%AE%E8%A9%A9%22+%22%E7%88%B1%E4%B9%8B%E8%AF%97%22
SONG-0212,35,ジェミニ,ジェミニ,双子座,REVIEW,medium,Chinese Project DIVA community usage; original title Gemini is also widely retained.,Gemini,Gemini,CURRENT,high,Existing en value is outside this audit gap.,"Vocaloid Wiki: Official English=Gemini, Romaji=Jemini | Chinese community check: 双子座",https://vocaloid.fandom.com/wiki/%E3%82%B8%E3%82%A7%E3%83%9F%E3%83%8B_%28Gemini%29 | https://search.bilibili.com/all?keyword=%22%E3%82%B8%E3%82%A7%E3%83%9F%E3%83%8B%22+%22%E5%8F%8C%E5%AD%90%E5%BA%A7%22
SONG-0265,35,ピアノ×フォルテ×スキャンダル,ピアノ×フォルテ×スキャンダル,ピアノ×フォルテ×スキャンダル,KEEP_ORIGINAL,low,No stable Chinese localized title found across checked sources; preserve official/original title.,Piano × Forte × Scandal,Piano × Forte × Scandal,CURRENT,high,Existing en value is outside this audit gap.,"PJSK JP/EN/CN: ピアノ×フォルテ×スキャンダル/Piano × Forte × Scandal/ピアノ×フォルテ×スキャンダル | Vocaloid Wiki: English=Piano x Forte x Scandal, Romaji=Piano × Forute × Sukyandaru",https://github.com/Sekai-World/sekai-master-db-diff/blob/main/musics.json | https://vocaloid.fandom.com/wiki/%E3%83%94%E3%82%A2%E3%83%8E%C3%97%E3%83%95%E3%82%A9%E3%83%AB%E3%83%86%C3%97%E3%82%B9%E3%82%AD%E3%83%A3%E3%83%B3%E3%83%80%E3%83%AB_%28Piano_%C3%97_Forte_%C3%97_Scandal%29
SONG-0312,35,ラストラス,ラストラス,ラストラス,KEEP_ORIGINAL,low,No stable Chinese localized title found across checked sources; preserve official/original title.,Lustrous,Lustrous,CURRENT,high,Existing en value is outside this audit gap.,"PJSK JP/EN/CN: ラストラス/Lustrous/ラストラス | VocaDB: Japanese=ラストラス, English=Lustrous | Vocaloid Wiki: English=Lustrous, Romaji=Rasutorasu",https://github.com/Sekai-World/sekai-master-db-diff/blob/main/musics.json | https://vocadb.net/S/789209 | https://vocaloid.fandom.com/wiki/%E3%83%A9%E3%82%B9%E3%83%88%E3%83%A9%E3%82%B9_%28Lustrous%29
SONG-0310,34,ゆめゆめ,ゆめゆめ,梦想,REVIEW,low,"Older Chinese community alias exists, but is generic and not uniquely identifying.",Dream Dream,Dream Dream,CURRENT,high,Existing en value is outside this audit gap.,"Vocaloid Wiki: English=Dream Dream, Romaji=Yumeyume | Chinese community check: 梦想",https://vocaloid.fandom.com/wiki/%E3%82%86%E3%82%81%E3%82%86%E3%82%81_%28Yumeyume%29_%28single%29 | https://search.bilibili.com/all?keyword=%22%E3%82%86%E3%82%81%E3%82%86%E3%82%81%22+%22%E6%A2%A6%E6%83%B3%22
SONG-0217,33,すーぱーぬこになれんかった,すーぱーぬこになれんかった,没能成为超级猫咪,TRANSLATE,high,Repeated Bilibili/maimai/Magical Mirai community usage.,Wasn't able to become a Super Nuko.,Wasn't able to become a Super Nuko.,CURRENT,high,Existing en value is outside this audit gap.,"VocaDB: Japanese=すーぱーぬこになれんかった, Romaji=Super Nuko ni Naren Katta, English=I Couldn't Become a Super Cat After All, Unspecified=Wasn't able to become a Super Nuko., Unspecified=슈퍼 누코가 되지 못했어 | Vocaloid Wiki: Official English=Wasn't able to become a Super Nuko., English=I Couldn't Become a Super Cat After All, Romaji=Suupaa Nuko ni Narenkatta | Chinese community check: 没能成为超级猫咪",https://vocadb.net/S/228773 | https://vocaloid.fandom.com/wiki/%E3%81%99%E3%83%BC%E3%81%B1%E3%83%BC%E3%81%AC%E3%81%93%E3%81%AB%E3%81%AA%E3%82%8C%E3%82%93%E3%81%8B%E3%81%A3%E3%81%9F_%28Super_Nuko_ni_Narenkatta%29 | https://www.bilibili.com/video/BV1Dz4y1E77G/ | https://search.bilibili.com/all?keyword=%22%E3%81%99%E3%83%BC%E3%81%B1%E3%83%BC%E3%81%AC%E3%81%93%E3%81%AB%E3%81%AA%E3%82%8C%E3%82%93%E3%81%8B%E3%81%A3%E3%81%9F%22+%22%E6%B2%A1%E8%83%BD%E6%88%90%E4%B8%BA%E8%B6%85%E7%BA%A7%E7%8C%AB%E5%92%AA%22
SONG-0294,31,みかぼし,みかぼし,みかぼし,KEEP_ORIGINAL,low,No stable Chinese localized title found across checked sources; preserve official/original title.,Star of Heaven,Star of Heaven,CURRENT,high,Existing en value is outside this audit gap.,"PJSK JP/EN/CN: みかぼし/Star of Heaven/みかぼし | VocaDB: Japanese=みかぼし, Romaji=Mikaboshi, English=Star of Heaven | Vocaloid Wiki: Official English=Star of Heaven, Romaji=Mikaboshi",https://github.com/Sekai-World/sekai-master-db-diff/blob/main/musics.json | https://vocadb.net/S/531972 | https://vocaloid.fandom.com/wiki/%E3%81%BF%E3%81%8B%E3%81%BC%E3%81%97_%28Mikaboshi%29
SONG-0305,31,メランコリック,メランコリック,忧郁的心情,TRANSLATE,medium,Long-running Bilibili tag/title usage for the Kagamine Rin song.,Melancholic,Melancholic,CURRENT,high,Existing en value is outside this audit gap.,"PJSK JP/EN/CN: メランコリック/Melancholic/メランコリック | Vocaloid Wiki: Official English=Melancholic, Romaji=Merankorikku | Chinese community check: 忧郁的心情",https://github.com/Sekai-World/sekai-master-db-diff/blob/main/musics.json | https://vocaloid.fandom.com/wiki/%E3%83%A1%E3%83%A9%E3%83%B3%E3%82%B3%E3%83%AA%E3%83%83%E3%82%AF_%28Melancholic%29 | https://search.bilibili.com/all?keyword=%22%E3%83%A1%E3%83%A9%E3%83%B3%E3%82%B3%E3%83%AA%E3%83%83%E3%82%AF%22+%22%E5%BF%A7%E9%83%81%E7%9A%84%E5%BF%83%E6%83%85%22
SONG-0387,31,星屑ユートピア,星屑ユートピア,星屑乌托邦,TRANSLATE,medium,Chinese community alias; 星屑下的理想乡 is another attested variant.,Stardust Utopia,Stardust Utopia,CURRENT,high,Existing en value is outside this audit gap.,"PJSK JP/EN/CN: 星屑ユートピア/Stardust Utopia/星屑ユートピア | Vocaloid Wiki: English=Stardust Utopia, Romaji=Hoshikuzu Utopia | Chinese community check: 星屑乌托邦",https://github.com/Sekai-World/sekai-master-db-diff/blob/main/musics.json | https://vocaloid.fandom.com/wiki/%E6%98%9F%E5%B1%91%E3%83%A6%E3%83%BC%E3%83%88%E3%83%94%E3%82%A2_%28Hoshikuzu_Utopia%29 | https://search.bilibili.com/all?keyword=%22%E6%98%9F%E5%B1%91%E3%83%A6%E3%83%BC%E3%83%88%E3%83%94%E3%82%A2%22+%22%E6%98%9F%E5%B1%91%E4%B9%8C%E6%89%98%E9%82%A6%22
SONG-0275,30,フェレス,フェレス,フェレス,KEEP_ORIGINAL,low,No stable Chinese localized title found across checked sources; preserve official/original title.,Pheles,Pheles,CURRENT,high,Existing en value is outside this audit gap.,"PJSK JP/EN/CN: フェレス/Pheles/フェレス | VocaDB: Japanese=フェレス, English=Pheles, Unspecified=Feles, Unspecified=펠레스 | Vocaloid Wiki: English=Pheles, Romaji=Feresu",https://github.com/Sekai-World/sekai-master-db-diff/blob/main/musics.json | https://vocadb.net/S/393333 | https://vocaloid.fandom.com/wiki/%E3%83%95%E3%82%A7%E3%83%AC%E3%82%B9_%28Pheles%29
SONG-0318,30,ラムネイドブルーの憧憬,ラムネイドブルーの憧憬,ラムネイドブルーの憧憬,KEEP_ORIGINAL,low,No stable Chinese localized title found across checked sources; preserve official/original title.,Ramnade blue longing,Ramnade blue longing,CURRENT,high,Existing en value is outside this audit gap.,"VocaDB: Japanese=ラムネイドブルーの憧憬, English=Ramnade blue longing, Romaji=Ramunade Blue no Shoukei | Vocaloid Wiki: Official English=Ramnade blue longing, Romaji=Ramuneido Buruu no Shoukei",https://vocadb.net/S/169614 | https://vocaloid.fandom.com/wiki/%E3%83%A9%E3%83%A0%E3%83%8D%E3%82%A4%E3%83%89%E3%83%96%E3%83%AB%E3%83%BC%E3%81%AE%E6%86%A7%E6%86%AC_%28Ramunade_Blue_no_Shoukei%29
SONG-0385,29,星のカケラ,星のカケラ,星之碎片,TRANSLATE,high,Repeated Bilibili Hatsune Miku uploads use 星之碎片.,星のカケラ,Fragments of a Star,TRANSLATE,medium,Hatsune Miku references use Fragments of a Star / Star Fragments; this is the clearest recurring form.,Chinese community check: 星之碎片,https://search.bilibili.com/all?keyword=%22%E6%98%9F%E3%81%AE%E3%82%AB%E3%82%B1%E3%83%A9%22+%22%E6%98%9F%E4%B9%8B%E7%A2%8E%E7%89%87%22
SONG-0028,28,COME BACK~重返巅峰~ (COME BACK ~Chóng Fǎn Diānfēng~),COME BACK~重返巅峰~ (COME BACK ~Chóng Fǎn Diānfēng~),COME BACK~重返巅峰~ (COME BACK ~Chóng Fǎn Diānfēng~),CURRENT,high,Existing zh value is outside this audit gap.,COME BACK~重返巅峰~ (COME BACK ~Chóng Fǎn Diānfēng~),COME BACK ~Returning to the Peak~,TRANSLATE,high,Vocaloid Wiki marks this as Official English.,Vocaloid Wiki: Official English=COME BACK ~Returning to the Peak~,https://vocaloid.fandom.com/wiki/COME_BACK~%E9%87%8D%E8%BF%94%E5%B7%85%E5%B3%B0~_%28COME_BACK_~Ch%C3%B3ng_F%C7%8En_Di%C4%81nf%C4%93ng~%29
SONG-0354,28,月西江 (Yuè Xī Jiāng),月西江 (Yuè Xī Jiāng),月西江 (Yuè Xī Jiāng),CURRENT,high,Existing zh value is outside this audit gap.,月西江 (Yuè Xī Jiāng),Moon West River,TRANSLATE,high,Vocaloid Wiki marks this as Official English.,"Vocaloid Wiki: Official English=Moon West River, English=Moonlit Xi River, Romaji=Getsuseikou",https://vocaloid.fandom.com/wiki/%E6%9C%88%E8%A5%BF%E6%B1%9F_%28Yu%C3%A8_X%C4%AB_Ji%C4%81ng%29
SONG-0231,27,タイムマシン,タイムマシン,时光机,TRANSLATE,medium,Chinese Project DIVA/PJSK community usage.,Time Machine,Time Machine,CURRENT,high,Existing en value is outside this audit gap.,"PJSK JP/EN/CN: タイムマシン/Time Machine/タイムマシン | Vocaloid Wiki: English=Time Machine, Romaji=Taimu Mashin | Chinese community check: 时光机",https://github.com/Sekai-World/sekai-master-db-diff/blob/main/musics.json | https://vocaloid.fandom.com/wiki/%E3%82%BF%E3%82%A4%E3%83%A0%E3%83%9E%E3%82%B7%E3%83%B3_%28Time_Machine%29 | https://search.bilibili.com/all?keyword=%22%E3%82%BF%E3%82%A4%E3%83%A0%E3%83%9E%E3%82%B7%E3%83%B3%22+%22%E6%97%B6%E5%85%89%E6%9C%BA%22
SONG-0168,26,いいねってYEAH!,いいねってYEAH!,いいねってYEAH!,KEEP_ORIGINAL,low,No stable Chinese localized title found across checked sources; preserve official/original title.,Good is YEAH!,Good is YEAH!,CURRENT,high,Existing en value is outside this audit gap.,"VocaDB: Japanese=いいねってYEAH!, English=Good is YEAH!, Romaji=Ii ne tte YEAH! | Vocaloid Wiki: Official English=Good is YEAH!, Romaji=Ii Ne tte YEAH!",https://vocadb.net/S/415813 | https://vocaloid.fandom.com/wiki/%E3%81%84%E3%81%84%E3%81%AD%E3%81%A3%E3%81%A6YEAH%21_%28Ii_Ne_tte_YEAH%21%29
SONG-0188,26,カラフル×メロディ,カラフル×メロディ,多彩×旋律,TRANSLATE,medium,Bilibili Vocaloid cover/community title.,Colorful × Melody,Colorful × Melody,CURRENT,high,Existing en value is outside this audit gap.,"Vocaloid Wiki: English=Colorful × Melody, Romaji=Karafuru × Merodi | Chinese community check: 多彩×旋律",https://vocaloid.fandom.com/wiki/%E3%82%AB%E3%83%A9%E3%83%95%E3%83%AB%C3%97%E3%83%A1%E3%83%AD%E3%83%87%E3%82%A3_%28Colorful_%C3%97_Melody%29_%28single%29 | https://search.bilibili.com/all?keyword=%22%E3%82%AB%E3%83%A9%E3%83%95%E3%83%AB%C3%97%E3%83%A1%E3%83%AD%E3%83%87%E3%82%A3%22+%22%E5%A4%9A%E5%BD%A9%C3%97%E6%97%8B%E5%BE%8B%22
SONG-0256,26,ノヴァ,ノヴァ,ノヴァ,KEEP_ORIGINAL,low,No stable Chinese localized title found across checked sources; preserve official/original title.,NOVA,NOVA,CURRENT,high,Existing en value is outside this audit gap.,"VocaDB: Japanese=ノヴァ, English=Nova | Vocaloid Wiki: Official English=NOVA",https://vocadb.net/S/360978 | https://vocaloid.fandom.com/wiki/%E3%83%8E%E3%83%B4%E3%82%A1_%28Nova%29
SONG-0162,25,アンテナ39,アンテナ39,アンテナ39,KEEP_ORIGINAL,low,No stable Chinese localized title found across checked sources; preserve official/original title.,Antenna 39,Antenna 39,CURRENT,high,Existing en value is outside this audit gap.,"PJSK JP/EN/CN: アンテナ39/Antenna 39/アンテナ39 | VocaDB: Japanese=アンテナ39, English=Antenna 39, Unspecified=안테나 39 | Vocaloid Wiki: Official English=Antenna 39, Romaji=Antena 39",https://github.com/Sekai-World/sekai-master-db-diff/blob/main/musics.json | https://vocadb.net/S/630460 | https://vocaloid.fandom.com/wiki/%E3%82%A2%E3%83%B3%E3%83%86%E3%83%8A39_%28Antenna_39%29
SONG-0269,25,ビバハピ,ビバハピ,ビバハピ,KEEP_ORIGINAL,low,No stable Chinese localized title found across checked sources; preserve official/original title.,Viva Happy,Viva Happy,CURRENT,high,Existing en value is outside this audit gap.,"PJSK JP/EN/CN: ビバハピ/Viva Happy/ビバハピ | VocaDB: Japanese=ビバハピ, English=Viva Happy | Vocaloid Wiki: Official English=Viva Happy, English=Live Happy, Romaji=Biba Hapi",https://github.com/Sekai-World/sekai-master-db-diff/blob/main/musics.json | https://vocadb.net/S/35603 | https://vocaloid.fandom.com/wiki/%E3%83%93%E3%83%90%E3%83%8F%E3%83%94_%28Viva_Happy%29
SONG-0429,25,陽だまりのセツナ,陽だまりのセツナ,陽だまりのセツナ,KEEP_ORIGINAL,low,No stable Chinese localized title found across checked sources; preserve official/original title.,Hidamari no Setsuna,Hidamari no Setsuna,CURRENT,high,Existing en value is outside this audit gap.,"PJSK JP/EN/CN: 陽だまりのセツナ/Hidamari no Setsuna/陽だまりのセツナ | VocaDB: Japanese=陽だまりのセツナ, Romaji=Hidamari no Setsuna, English=A moment in the sun, Unspecified=A Moment of Sunshine, Unspecified=양지의 찰나, Unspecified=햇살이 비추는 순간 | Vocaloid Wiki: Official English=A moment in the sun, Romaji=Hidamari no Setsuna",https://github.com/Sekai-World/sekai-master-db-diff/blob/main/musics.json | https://vocadb.net/S/437831 | https://vocaloid.fandom.com/wiki/%E9%99%BD%E3%81%A0%E3%81%BE%E3%82%8A%E3%81%AE%E3%82%BB%E3%83%84%E3%83%8A_%28Hidamari_no_Setsuna%29
SONG-0386,24,星空クロノグラフ,星空クロノグラフ,星空クロノグラフ,KEEP_ORIGINAL,low,No stable Chinese localized title found across checked sources; preserve official/original title.,Chronograph in the Starry Sky,Chronograph in the Starry Sky,CURRENT,high,Existing en value is outside this audit gap.,"VocaDB: Japanese=星空クロノグラフ, English=Starry Sky Chronograph, Unspecified=Chronograph in the starry sky, Romaji=Hoshizora Chronograph | Vocaloid Wiki: Official English=Chronograph in the Starry Sky, English=Starry Sky Chronograph, Romaji=Hoshizora Kuronogurafu",https://vocadb.net/S/83820 | https://vocaloid.fandom.com/wiki/%E6%98%9F%E7%A9%BA%E3%82%AF%E3%83%AD%E3%83%8E%E3%82%B0%E3%83%A9%E3%83%95_%28Hoshizora_Chronograph%29
SONG-0277,23,フューチャー・イヴ,フューチャー・イヴ,フューチャー・イヴ,KEEP_ORIGINAL,low,No stable Chinese localized title found across checked sources; preserve official/original title.,FUTURE EVE,FUTURE EVE,CURRENT,high,Existing en value is outside this audit gap.,"PJSK JP/EN/CN: フューチャー・イヴ/FUTURE EVE/フューチャー・イヴ | VocaDB: Japanese=フューチャー・イヴ, English=FUTURE EVE, Unspecified=퓨처 이브 | Vocaloid Wiki: Official English=FUTURE EVE, Romaji=Fyuuchaa Ivu",https://github.com/Sekai-World/sekai-master-db-diff/blob/main/musics.json | https://vocadb.net/S/391129 | https://vocaloid.fandom.com/wiki/%E3%83%95%E3%83%A5%E3%83%BC%E3%83%81%E3%83%A3%E3%83%BC%E3%83%BB%E3%82%A4%E3%83%B4_%28Future_Eve%29
SONG-0192,22,キミペディア,キミペディア,キミペディア,KEEP_ORIGINAL,low,No stable Chinese localized title found across checked sources; preserve official/original title.,You-pedia,You-pedia,CURRENT,high,Existing en value is outside this audit gap.,"VocaDB: Japanese=キミペディア, Romaji=Kimipedia, English=Youpedia | Vocaloid Wiki: English=You-pedia, Romaji=Kimipedia",https://vocadb.net/S/176937 | https://vocaloid.fandom.com/wiki/%E3%82%AD%E3%83%9F%E3%83%9A%E3%83%87%E3%82%A3%E3%82%A2_%28Kimipedia%29
SONG-0403,22,独りんぼエンヴィー,独りんぼエンヴィー,孑然妒火,TRANSLATE,high,Very long-standing Bilibili community title; high-view original-song repost uses it.,Hitorinbo Envy,Hitorinbo Envy,CURRENT,high,Existing en value is outside this audit gap.,"PJSK JP/EN/CN: 独りんぼエンヴィー/Hitorinbo Envy/独りんぼエンヴィー | Vocaloid Wiki: Official English=Solitary Envy, English=Solitary Hide & Seek Envy, Romaji=Hitorinbo Envii | Chinese community check: 孑然妒火",https://github.com/Sekai-World/sekai-master-db-diff/blob/main/musics.json | https://vocaloid.fandom.com/wiki/%E7%8B%AC%E3%82%8A%E3%82%93%E3%81%BC%E3%82%A8%E3%83%B3%E3%83%B4%E3%82%A3%E3%83%BC_%28Hitorinbo_Envy%29 | https://www.bilibili.com/list/ml3581730617 | https://search.bilibili.com/all?keyword=%22%E7%8B%AC%E3%82%8A%E3%82%93%E3%81%BC%E3%82%A8%E3%83%B3%E3%83%B4%E3%82%A3%E3%83%BC%22+%22%E5%AD%91%E7%84%B6%E5%A6%92%E7%81%AB%22
SONG-0254,21,ネクストネスト,ネクストネスト,ネクストネスト,KEEP_ORIGINAL,low,No stable Chinese localized title found across checked sources; preserve official/original title.,NEXT NEST,NEXT NEST,CURRENT,high,Existing en value is outside this audit gap.,"PJSK JP/EN/CN: ネクストネスト/NEXT NEST/ネクストネスト | VocaDB: Japanese=ネクストネスト, English=NEXT NEST, Unspecified=넥스트 네스트 | Vocaloid Wiki: English=Next Nest",https://github.com/Sekai-World/sekai-master-db-diff/blob/main/musics.json | https://vocadb.net/S/59428 | https://vocaloid.fandom.com/wiki/%E3%83%8D%E3%82%AF%E3%82%B9%E3%83%88%E3%83%8D%E3%82%B9%E3%83%88_%28Next_Nest%29
SONG-0283,21,フロイライン＝ビブリォチカ (Fräulein=Biblioteca),フロイライン＝ビブリォチカ (Fräulein=Biblioteca),フロイライン＝ビブリォチカ (Fräulein=Biblioteca),KEEP_ORIGINAL,low,No stable Chinese localized title found across checked sources; preserve official/original title.,フロイライン＝ビブリォチカ (Fräulein=Biblioteca),Fräulein＝Biblioteca,TRANSLATE,high,Exact Vocaloid Wiki English title and creator styling.,"Vocaloid Wiki: English=Fräulein＝Biblioteca, Romaji=Furoirain=Biburochika",https://vocaloid.fandom.com/wiki/%E3%83%95%E3%83%AD%E3%82%A4%E3%83%A9%E3%82%A4%E3%83%B3%EF%BC%9D%E3%83%93%E3%83%96%E3%83%AA%E3%82%A9%E3%83%81%E3%82%AB_%28Fr%C3%A4ulein%3DBiblioteca%29 | https://www.bilibili.com/video/BV1CE411Z74B/
SONG-0313,21,ラズベリー*モンスター,ラズベリー*モンスター,ラズベリー*モンスター,KEEP_ORIGINAL,low,No stable Chinese localized title found across checked sources; preserve official/original title.,Raspberry＊Monster,Raspberry＊Monster,CURRENT,high,Existing en value is outside this audit gap.,Vocaloid Wiki: English=Hatsune Miku Magical Future 2015,https://vocaloid.fandom.com/wiki/Hatsune_Miku_Magical_Mirai_2015
SONG-0252,20,トリノコシティ,トリノコシティ,トリノコシティ,KEEP_ORIGINAL,low,No stable Chinese localized title found across checked sources; preserve official/original title.,Torinokocity,Torinokocity,CURRENT,high,Existing en value is outside this audit gap.,"PJSK JP/EN/CN: トリノコシティ/Torinokocity/トリノコシティ | Vocaloid Wiki: Official English=Torinoko City, English=Left-Behind City / Urbandonment, Romaji=Torinoko Shiti",https://github.com/Sekai-World/sekai-master-db-diff/blob/main/musics.json | https://vocaloid.fandom.com/wiki/%E3%83%88%E3%83%AA%E3%83%8E%E3%82%B3%E3%82%B7%E3%83%86%E3%82%A3_%28Torinoko_City%29
SONG-0368,20,私の恋はヘルファイア,私の恋はヘルファイア,我的爱是地狱业火,TRANSLATE,high,Bilibili PJSK/community title usage.,My love is Hellfire,My love is Hellfire,CURRENT,high,Existing en value is outside this audit gap.,"PJSK JP/EN/CN: 私の恋はヘルファイア/My love is Hellfire/私の恋はヘルファイア | Vocaloid Wiki: English=My Love is Hellfire, Romaji=Watashi no Koi wa Herufaia | Chinese community check: 我的爱是地狱业火",https://github.com/Sekai-World/sekai-master-db-diff/blob/main/musics.json | https://vocaloid.fandom.com/wiki/%E7%A7%81%E3%81%AE%E6%81%8B%E3%81%AF%E3%83%98%E3%83%AB%E3%83%95%E3%82%A1%E3%82%A4%E3%82%A2_%28Watashi_no_Koi_wa_Hellfire%29 | https://search.bilibili.com/all?keyword=%22%E7%A7%81%E3%81%AE%E6%81%8B%E3%81%AF%E3%83%98%E3%83%AB%E3%83%95%E3%82%A1%E3%82%A4%E3%82%A2%22+%22%E6%88%91%E7%9A%84%E7%88%B1%E6%98%AF%E5%9C%B0%E7%8B%B1%E4%B8%9A%E7%81%AB%22
SONG-0376,20,初嵐 (Chūlán),初嵐 (Chūlán),初嵐 (Chūlán),CURRENT,high,Existing zh value is outside this audit gap.,初嵐 (Chūlán),First Storm,TRANSLATE,high,Vocaloid Wiki marks this as Official English.,"Vocaloid Wiki: Official English=First Storm, Simplified Chinese=初岚",https://vocaloid.fandom.com/wiki/%E5%88%9D%E5%B5%90_%28Ch%C5%ABl%C3%A1n%29
SONG-0302,19,メインキャラクター,メインキャラクター,メインキャラクター,KEEP_ORIGINAL,low,No stable Chinese localized title found across checked sources; preserve official/original title.,Main Character,Main Character,CURRENT,high,Existing en value is outside this audit gap.,"PJSK JP/EN/CN: メインキャラクター/Main Character/メインキャラクター | VocaDB: Japanese=メインキャラクター, English=Main Character, Unspecified=메인 캐릭터 | Vocaloid Wiki: Official English=Main Character, Romaji=Mein Kyarakutaa",https://github.com/Sekai-World/sekai-master-db-diff/blob/main/musics.json | https://vocadb.net/S/123940 | https://vocaloid.fandom.com/wiki/%E3%83%A1%E3%82%A4%E3%83%B3%E3%82%AD%E3%83%A3%E3%83%A9%E3%82%AF%E3%82%BF%E3%83%BC_%28Main_Character%29
SONG-0381,19,深海シティアンダーグラウンド,深海シティアンダーグラウンド,深海City Underground,REVIEW,medium,Attested in Chinese Project DIVA community lists; mixed-language title remains common.,Deep sea city under ground,Deep sea city under ground,CURRENT,high,Existing en value is outside this audit gap.,"PJSK JP/EN/CN: 深海シティアンダーグラウンド/Deep sea city under ground/深海シティアンダーグラウンド | Vocaloid Wiki: English=Deep Sea City Underground, Romaji=Shinkai Shiti Andaaguraundo | Chinese community check: 深海City Underground",https://github.com/Sekai-World/sekai-master-db-diff/blob/main/musics.json | https://vocaloid.fandom.com/wiki/%E6%B7%B1%E6%B5%B7%E3%82%B7%E3%83%86%E3%82%A3%E3%82%A2%E3%83%B3%E3%83%80%E3%83%BC%E3%82%B0%E3%83%A9%E3%82%A6%E3%83%B3%E3%83%89_%28Shinkai_City_Underground%29 | https://search.bilibili.com/all?keyword=%22%E6%B7%B1%E6%B5%B7%E3%82%B7%E3%83%86%E3%82%A3%E3%82%A2%E3%83%B3%E3%83%80%E3%83%BC%E3%82%B0%E3%83%A9%E3%82%A6%E3%83%B3%E3%83%89%22+%22%E6%B7%B1%E6%B5%B7City+Underground%22
SONG-0191,18,きみとぼくのレゾナンス,きみとぼくのレゾナンス,きみとぼくのレゾナンス,KEEP_ORIGINAL,low,No stable Chinese localized title found across checked sources; preserve official/original title.,Resonance Between You and Me.,Resonance Between You and Me.,CURRENT,high,Existing en value is outside this audit gap.,"PJSK JP/EN/CN: きみとぼくのレゾナンス/Resonance Between You and Me./きみとぼくのレゾナンス | VocaDB: Japanese=きみとぼくのレゾナンス, English=Resonance Between You and Me, Romaji=Kimi to Boku no Resonance, Unspecified=You and my Resonance, Unspecified=너와 나의 레조넌스 | Vocaloid Wiki: Official English=Resonance Between You and Me, Romaji=Kimi to Boku no Rezonansu",https://github.com/Sekai-World/sekai-master-db-diff/blob/main/musics.json | https://vocadb.net/S/284994 | https://vocaloid.fandom.com/wiki/%E3%81%8D%E3%81%BF%E3%81%A8%E3%81%BC%E3%81%8F%E3%81%AE%E3%83%AC%E3%82%BE%E3%83%8A%E3%83%B3%E3%82%B9_%28Kimi_to_Boku_no_Resonance%29
SONG-0293,18,まるいうなばら,まるいうなばら,まるいうなばら,KEEP_ORIGINAL,low,No stable Chinese localized title found across checked sources; preserve official/original title.,Spheric Ocean,Spheric Ocean,CURRENT,high,Existing en value is outside this audit gap.,"VocaDB: Japanese=まるいうなばら, Romaji=Marui Unabara, English=Spheric Ocean, Unspecified=둥근 바다 | Vocaloid Wiki: Official English=Spheric Ocean, English=Round Ocean, Romaji=Marui Unabara",https://vocadb.net/S/269651 | https://vocaloid.fandom.com/wiki/%E3%81%BE%E3%82%8B%E3%81%84%E3%81%86%E3%81%AA%E3%81%B0%E3%82%89_%28Marui_Unabara%29
SONG-0349,18,完全性コンプレックス,完全性コンプレックス,完全性コンプレックス,KEEP_ORIGINAL,low,No stable Chinese localized title found across checked sources; preserve official/original title.,Perfectionist Complex,Perfectionist Complex,CURRENT,high,Existing en value is outside this audit gap.,"VocaDB: Japanese=完全性コンプレックス, Romaji=Kanzensei Complex, English=Perfectionist Complex | Vocaloid Wiki: English=Perfectionist Complex, Romaji=Kanzenseki Konpurekkusu",https://vocadb.net/S/29120 | https://vocaloid.fandom.com/wiki/%E5%AE%8C%E5%85%A8%E6%80%A7%E3%82%B3%E3%83%B3%E3%83%97%E3%83%AC%E3%83%83%E3%82%AF%E3%82%B9_%28Kanzensei_Complex%29
SONG-0455,18,ドーピングダンス,ドーピングダンス,ドーピングダンス,KEEP_ORIGINAL,low,No stable Chinese localized title found across checked sources; preserve official/original title.,Doping Dance,Doping Dance,CURRENT,high,Existing en value is outside this audit gap.,"VocaDB: Japanese=ドーピングダンス, English=Doping Dance, Unspecified=도핑 댄스 | Vocaloid Wiki: English=Doping Dance, Romaji=Doopingu Dansu",https://vocadb.net/S/425435 | https://vocaloid.fandom.com/wiki/%E3%83%89%E3%83%BC%E3%83%94%E3%83%B3%E3%82%B0%E3%83%80%E3%83%B3%E3%82%B9_%28Doping_Dance%29
SONG-0457,18,バッドシャーク,バッドシャーク,バッドシャーク,KEEP_ORIGINAL,low,No stable Chinese localized title found across checked sources; preserve official/original title.,Bad Shark,Bad Shark,CURRENT,high,Existing en value is outside this audit gap.,"VocaDB: Japanese=バッドシャーク, English=Bad Shark | Vocaloid Wiki: English=Bad Shark, Romaji=Baddo Shaaku",https://vocadb.net/S/478851 | https://vocaloid.fandom.com/wiki/%E3%83%90%E3%83%83%E3%83%89%E3%82%B7%E3%83%A3%E3%83%BC%E3%82%AF_%28Bad_Shark%29
SONG-0463,18,エル・タンゴ・エゴイスタ,エル・タンゴ・エゴイスタ,エル・タンゴ・エゴイスタ,KEEP_ORIGINAL,low,No stable Chinese localized title found across checked sources; preserve official/original title.,El・Tango・Egoista Quintet Version,El・Tango・Egoista Quintet Version,CURRENT,high,Existing en value is outside this audit gap.,"Vocaloid Wiki: Official English=El・Tango・Egoista Quintet Version, English=The Egoist Tango, Romaji=Eru Tango Egoisuta",https://vocaloid.fandom.com/wiki/%E3%82%A8%E3%83%AB%E3%83%BB%E3%82%BF%E3%83%B3%E3%82%B4%E3%83%BB%E3%82%A8%E3%82%B4%E3%82%A4%E3%82%B9%E3%82%BF_%28El_Tango_Egoista%29
SONG-0465,18,空に免じて,空に免じて,空に免じて,KEEP_ORIGINAL,low,No stable Chinese localized title found across checked sources; preserve official/original title.,Sora ni Menjite,Sora ni Menjite,CURRENT,high,Existing en value is outside this audit gap.,"PJSK JP/EN/CN: 空に免じて/Sora ni Menjite/空に免じて | VocaDB: Japanese=空に免じて, Romaji=Sora ni Menjite, English=For the Skies’ Sake, Unspecified=In Deference to the Sky | Vocaloid Wiki: English=For the Skies' Sake, Romaji=Sora ni Menjite",https://github.com/Sekai-World/sekai-master-db-diff/blob/main/musics.json | https://vocadb.net/S/954657 | https://vocaloid.fandom.com/wiki/%E7%A9%BA%E3%81%AB%E5%85%8D%E3%81%98%E3%81%A6_%28Sora_ni_Menjite%29
SONG-0466,18,こたえて,こたえて,こたえて,KEEP_ORIGINAL,low,No stable Chinese localized title found across checked sources; preserve official/original title.,Answer Me,Answer Me,CURRENT,high,Existing en value is outside this audit gap.,"VocaDB: Japanese=こたえて, Romaji=Kotaete, English=Answer Me | Vocaloid Wiki: English=Hatsune Miku ""Magical Mirai 2026"" OFFICIAL ALBUM",https://vocadb.net/S/884096 | https://vocaloid.fandom.com/wiki/%E5%88%9D%E9%9F%B3%E3%83%9F%E3%82%AF%E3%80%8C%E3%83%9E%E3%82%B8%E3%82%AB%E3%83%AB%E3%83%9F%E3%83%A9%E3%82%A4_2026%E3%80%8DOFFICIAL_ALBUM_%28Hatsune_Miku_%22Magical_Mirai_2026%22_OFFICIAL_ALBUM%29
SONG-0172,17,ヴァニッシュ,ヴァニッシュ,ヴァニッシュ,KEEP_ORIGINAL,low,No stable Chinese localized title found across checked sources; preserve official/original title.,Vanish,Vanish,CURRENT,high,Existing en value is outside this audit gap.,"VocaDB: Japanese=ヴァニッシュ, English=Vanish | Vocaloid Wiki: English=Vanish, Romaji=Vanisshu",https://vocadb.net/S/401761 | https://vocaloid.fandom.com/wiki/%E3%83%B4%E3%82%A1%E3%83%8B%E3%83%83%E3%82%B7%E3%83%A5_%28Vanish%29
SONG-0199,17,げんてん,げんてん,げんてん,KEEP_ORIGINAL,low,No stable Chinese localized title found across checked sources; preserve official/original title.,origin,origin,CURRENT,high,Existing en value is outside this audit gap.,"PJSK JP/EN/CN: げんてん/—/— | VocaDB: Japanese=げんてん, Romaji=Genten, Unspecified=원점, English=Origin | Vocaloid Wiki: Official English=origin, Romaji=Genten",https://github.com/Sekai-World/sekai-master-db-diff/blob/main/musics.json | https://vocadb.net/S/687114 | https://vocaloid.fandom.com/wiki/%E3%81%92%E3%82%93%E3%81%A6%E3%82%93_%28Genten%29
SONG-0222,17,ストリートライト,ストリートライト,ストリートライト,KEEP_ORIGINAL,low,No stable Chinese localized title found across checked sources; preserve official/original title.,Street Light,Street Light,CURRENT,high,Existing en value is outside this audit gap.,"VocaDB: Japanese=ストリートライト, English=Street Light | Vocaloid Wiki: Official English=Street Light, Romaji=Sutoriitoraito",https://vocadb.net/S/746114 | https://vocaloid.fandom.com/wiki/%E3%82%B9%E3%83%88%E3%83%AA%E3%83%BC%E3%83%88%E3%83%A9%E3%82%A4%E3%83%88_%28Street_Light%29
SONG-0253,17,なりすましゲンガー,なりすましゲンガー,なりすましゲンガー,KEEP_ORIGINAL,low,No stable Chinese localized title found across checked sources; preserve official/original title.,Doubleganger,Doubleganger,CURRENT,high,Existing en value is outside this audit gap.,"Vocaloid Wiki: Official English=Doubleganger, English=Spoofing Genga, Romaji=Narisumashi Genga",https://vocaloid.fandom.com/wiki/%E3%81%AA%E3%82%8A%E3%81%99%E3%81%BE%E3%81%97%E3%82%B2%E3%83%B3%E3%82%AC%E3%83%BC_%28Narisumashi_Genga%29
SONG-0276,17,プシ,プシ,プシ,KEEP_ORIGINAL,low,No stable Chinese localized title found across checked sources; preserve official/original title.,Psi,Psi,CURRENT,high,Existing en value is outside this audit gap.,"VocaDB: Japanese=プシ, English=Psi, Unspecified=Ψ, Unspecified=프시 | Vocaloid Wiki: English=Psi, Romaji=Pushi",https://vocadb.net/S/460547 | https://vocaloid.fandom.com/wiki/%E3%83%97%E3%82%B7_%28Psi%29
SONG-0304,17,メテオ (Meteor),メテオ (Meteor),流星,TRANSLATE,medium,Project DIVA Chinese community usage; title meaning is also direct.,メテオ (Meteor),Meteor,TRANSLATE,high,Exact English label on Vocaloid Wiki.,"Vocaloid Wiki: English=Meteor, Romaji=Meteo | Chinese community check: 流星",https://vocaloid.fandom.com/wiki/%E3%83%A1%E3%83%86%E3%82%AA_%28Meteor%29 | https://search.bilibili.com/all?keyword=%22%E3%83%A1%E3%83%86%E3%82%AA+%28Meteor%29%22+%22%E6%B5%81%E6%98%9F%22
SONG-0311,17,ラヴィ,ラヴィ,ラヴィ,KEEP_ORIGINAL,low,No stable Chinese localized title found across checked sources; preserve official/original title.,Lavie,Lavie,CURRENT,high,Existing en value is outside this audit gap.,"PJSK JP/EN/CN: ラヴィ/—/— | Vocaloid Wiki: Official English=Lavie, Romaji=Ravi",https://github.com/Sekai-World/sekai-master-db-diff/blob/main/musics.json | https://vocaloid.fandom.com/wiki/%E3%83%A9%E3%83%B4%E3%82%A3_%28Lavie%29
SONG-0325,16,レイニースノードロップ,レイニースノードロップ,レイニースノードロップ,KEEP_ORIGINAL,low,No stable Chinese localized title found across checked sources; preserve official/original title.,Rainy Snowdrop,Rainy Snowdrop,CURRENT,high,Existing en value is outside this audit gap.,"PJSK JP/EN/CN: レイニースノードロップ/Rainy Snowdrop/レイニースノードロップ | VocaDB: Japanese=レイニースノードロップ, English=Rainy Snowdrop, Unspecified=레이니 스노우드롭 | Vocaloid Wiki: Official English=Rainy Snowdrop, Romaji=Reinii Sunoodoroppu",https://github.com/Sekai-World/sekai-master-db-diff/blob/main/musics.json | https://vocadb.net/S/343869 | https://vocaloid.fandom.com/wiki/%E3%83%AC%E3%82%A4%E3%83%8B%E3%83%BC%E3%82%B9%E3%83%8E%E3%83%BC%E3%83%89%E3%83%AD%E3%83%83%E3%83%97_%28Rainy_Snowdrop%29
SONG-0359,16,混沌ブギ,混沌ブギ,混沌ブギ,KEEP_ORIGINAL,low,No stable Chinese localized title found across checked sources; preserve official/original title.,Konton Boogie,Konton Boogie,CURRENT,high,Existing en value is outside this audit gap.,"PJSK JP/EN/CN: 混沌ブギ/Konton Boogie/混沌ブギ | Vocaloid Wiki: English=Chaotic Boogie, Romaji=Konton Bugi",https://github.com/Sekai-World/sekai-master-db-diff/blob/main/musics.json | https://vocaloid.fandom.com/wiki/%E6%B7%B7%E6%B2%8C%E3%83%96%E3%82%AE_%28Konton_Boogie%29
SONG-0160,15,ある計画は今も密かに,ある計画は今も密かに,ある計画は今も密かに,KEEP_ORIGINAL,low,No stable Chinese localized title found across checked sources; preserve official/original title.,A Plan Is Still In Progress Covertly,A Plan Is Still In Progress Covertly,CURRENT,high,Existing en value is outside this audit gap.,"VocaDB: Japanese=ある計画は今も密かに, Romaji=Aru Keikaku wa Ima mo Hisoka ni, English=A Plan is Still in Progress Covertly., Unspecified=Some Plans Are Still Secret | Vocaloid Wiki: Official English=A Plan Is Still In Progress Covertly, Romaji=Aru Keikaku wa Ima mo Hisoka ni",https://vocadb.net/S/229183 | https://vocaloid.fandom.com/wiki/%E3%81%82%E3%82%8B%E8%A8%88%E7%94%BB%E3%81%AF%E4%BB%8A%E3%82%82%E5%AF%86%E3%81%8B%E3%81%AB_%28Aru_Keikaku_wa_Ima_mo_Hisoka_ni%29
SONG-0213,15,シャボン,シャボン,シャボン,KEEP_ORIGINAL,low,No stable Chinese localized title found across checked sources; preserve official/original title.,Soap,Soap,CURRENT,high,Existing en value is outside this audit gap.,"VocaDB: Japanese=シャボン, Romaji=Shabon, English=Soap, Unspecified=Soap Bubble | Vocaloid Wiki: English=Soap, Romaji=Shabon",https://vocadb.net/S/239350 | https://vocaloid.fandom.com/wiki/%E3%82%B7%E3%83%A3%E3%83%9C%E3%83%B3_%28Shabon%29
SONG-0378,15,心がどっか寂しいんだ,心がどっか寂しいんだ,心がどっか寂しいんだ,KEEP_ORIGINAL,low,No stable Chinese localized title found across checked sources; preserve official/original title.,＃I Feel Kinda Lonely,＃I Feel Kinda Lonely,CURRENT,high,Existing en value is outside this audit gap.,"Vocaloid Wiki: English=＃I Feel Kinda Lonely, Romaji=＃Kokoro ga Dokka Sabishiinda",https://vocaloid.fandom.com/wiki/%E5%BF%83%E3%81%8C%E3%81%A9%E3%81%A3%E3%81%8B%E5%AF%82%E3%81%97%E3%81%84%E3%82%93%E3%81%A0_%28Kokoro_ga_Dokka_Sabishiinda%29
SONG-0016,12,Birthday Song for ミク,Birthday Song for ミク,Birthday Song for ミク,KEEP_ORIGINAL,low,No stable Chinese localized title found across checked sources; preserve official/original title.,Birthday Song for Miku,Birthday Song for Miku,CURRENT,high,Existing en value is outside this audit gap.,"VocaDB: English=Birthday Song for Miku, Japanese=Birthday Song for ミク | Vocaloid Wiki: English=Birthday Song for Miku",https://vocadb.net/S/14339 | https://vocaloid.fandom.com/wiki/Birthday_Song_for_%E3%83%9F%E3%82%AF_%28Birthday_Song_for_Miku%29
SONG-0245,12,どうぶつ占い,どうぶつ占い,どうぶつ占い,KEEP_ORIGINAL,low,No stable Chinese localized title found across checked sources; preserve official/original title.,Animal Fortune-telling,Animal Fortune-telling,CURRENT,high,Existing en value is outside this audit gap.,"VocaDB: Japanese=どうぶつ占い, English=Animal Divination, Romaji=Doubutsu Uranai, Unspecified=Animal Fortune-Telling | Vocaloid Wiki: English=Animal Fortune-telling, Romaji=Doubutsu Uranai",https://vocadb.net/S/5393 | https://vocaloid.fandom.com/wiki/%E3%81%A9%E3%81%86%E3%81%B6%E3%81%A4%E5%8D%A0%E3%81%84_%28Doubutsu_Uranai%29
SONG-0284,12,ヘッジホッグ,ヘッジホッグ,ヘッジホッグ,KEEP_ORIGINAL,low,No stable Chinese localized title found across checked sources; preserve official/original title.,Hedgehog,Hedgehog,CURRENT,high,Existing en value is outside this audit gap.,"PJSK JP/EN/CN: ヘッジホッグ/—/— | VocaDB: Japanese=ヘッジホッグ, English=Hedgehog, Unspecified=헤지호그 | Vocaloid Wiki: English=Hedgehog, Romaji=Hejjihoggu",https://github.com/Sekai-World/sekai-master-db-diff/blob/main/musics.json | https://vocadb.net/S/329458 | https://vocaloid.fandom.com/wiki/%E3%83%98%E3%83%83%E3%82%B8%E3%83%9B%E3%83%83%E3%82%B0_%28Hedgehog%29
SONG-0158,11,アルビノ,アルビノ,白色异种,TRANSLATE,medium,Bilibili Magical Mirai/Vocaloid usage.,Albino,Albino,CURRENT,high,Existing en value is outside this audit gap.,"VocaDB: Japanese=アルビノ, English=Albino | Vocaloid Wiki: English=Albino, Romaji=Arubino | Chinese community check: 白色异种",https://vocadb.net/S/592911 | https://vocaloid.fandom.com/wiki/%E3%82%A2%E3%83%AB%E3%83%93%E3%83%8E_%28Albino%29/buzzG | https://search.bilibili.com/all?keyword=%22%E3%82%A2%E3%83%AB%E3%83%93%E3%83%8E%22+%22%E7%99%BD%E8%89%B2%E5%BC%82%E7%A7%8D%22
SONG-0206,11,サイハテ,サイハテ,サイハテ,KEEP_ORIGINAL,low,No stable Chinese localized title found across checked sources; preserve official/original title.,saihate,saihate,CURRENT,high,Existing en value is outside this audit gap.,"PJSK JP/EN/CN: サイハテ/saihate/サイハテ | Vocaloid Wiki: English=The Farthest Ends, Romaji=Saihate",https://github.com/Sekai-World/sekai-master-db-diff/blob/main/musics.json | https://vocaloid.fandom.com/wiki/%E3%82%B5%E3%82%A4%E3%83%8F%E3%83%86_%28Saihate%29
SONG-0286,10,ぼかろころしあむ,ぼかろころしあむ,VOCALOID竞技场,TRANSLATE,medium,Chinese dance/Vocaloid community uses VOCALOID竞技场.,Vocalo-Colosseum,Vocalo-Colosseum,CURRENT,high,Existing en value is outside this audit gap.,"PJSK JP/EN/CN: ぼかろころしあむ/—/— | VocaDB: Japanese=ぼかろころしあむ, English=Vocaloid Colosseum, Unspecified=Vocalo-Colosseum, Unspecified=语流, Unspecified=보카로 콜로세움 | Vocaloid Wiki: Official English=Vocalo-Colosseum, English=Vocalo-Coliseum, Romaji=Bokaro Koroshiamu | Chinese community check: VOCALOID竞技场",https://github.com/Sekai-World/sekai-master-db-diff/blob/main/musics.json | https://vocadb.net/S/199492 | https://vocaloid.fandom.com/wiki/%E3%81%BC%E3%81%8B%E3%82%8D%E3%81%93%E3%82%8D%E3%81%97%E3%81%82%E3%82%80_%28Vocalo-Colosseum%29 | https://search.bilibili.com/all?keyword=%22%E3%81%BC%E3%81%8B%E3%82%8D%E3%81%93%E3%82%8D%E3%81%97%E3%81%82%E3%82%80%22+%22VOCALOID%E7%AB%9E%E6%8A%80%E5%9C%BA%22
SONG-0001,8,＊ハロー、プラネット。,＊ハロー、プラネット。,＊ハロー、プラネット。,KEEP_ORIGINAL,low,No stable Chinese localized title found across checked sources; preserve official/original title.,"*Hello, Planet","*Hello, Planet",CURRENT,high,Existing en value is outside this audit gap.,"PJSK JP/EN/CN: ＊ハロー、プラネット。/*Hello, Planet/＊ハロー、プラネット。 | VocaDB: Japanese=＊ハロー、プラネット。, English=*Hello, Planet. | Vocaloid Wiki: Official English=*Hello, Planet, English=*Hello, Planet.",https://github.com/Sekai-World/sekai-master-db-diff/blob/main/musics.json | https://vocadb.net/S/592869 | https://vocaloid.fandom.com/wiki/%EF%BC%8A%E3%83%8F%E3%83%AD%E3%83%BC%E3%80%81%E3%83%97%E3%83%A9%E3%83%8D%E3%83%83%E3%83%88%E3%80%82_%28%2AHello%2C_Planet.%29
SONG-0285,8,ぽかぽかの星,ぽかぽかの星,ぽかぽかの星,KEEP_ORIGINAL,low,No stable Chinese localized title found across checked sources; preserve official/original title.,Poka Poka Planet,Poka Poka Planet,CURRENT,high,Existing en value is outside this audit gap.,"PJSK JP/EN/CN: ぽかぽかの星/Poka Poka Planet/ぽかぽかの星 | VocaDB: Japanese=ぽかぽかの星, English=Poka Poka Planet, Romaji=Pokapoka no Hoshi, Unspecified=Cozy Planet, Unspecified=暖暖的星, Unspecified=따끈따끈한 별 | Vocaloid Wiki: Official English=Poka Poka Planet, English=Cozy Planet, Romaji=Pokapoka no Hoshi",https://github.com/Sekai-World/sekai-master-db-diff/blob/main/musics.json | https://vocadb.net/S/261660 | https://vocaloid.fandom.com/wiki/%E3%81%BD%E3%81%8B%E3%81%BD%E3%81%8B%E3%81%AE%E6%98%9F_%28Pokapoka_no_Hoshi%29
SONG-0290,7,マージナル,マージナル,マージナル,KEEP_ORIGINAL,low,No stable Chinese localized title found across checked sources; preserve official/original title.,Marginal,Marginal,CURRENT,high,Existing en value is outside this audit gap.,"VocaDB: Japanese=マージナル | Vocaloid Wiki: English=Marginal, Romaji=Mājinaru",https://vocadb.net/S/778187 | https://vocaloid.fandom.com/wiki/%E3%83%9E%E3%83%BC%E3%82%B8%E3%83%8A%E3%83%AB_%28Marginal%29
SONG-0179,6,エスパーエスパー,エスパーエスパー,エスパーエスパー,KEEP_ORIGINAL,low,No stable Chinese localized title found across checked sources; preserve official/original title.,Esper Esper / Psychic Psychic,Esper Esper / Psychic Psychic,CURRENT,high,Existing en value is outside this audit gap.,"VocaDB: Japanese=エスパーエスパー, English=Esper Esper, Unspecified=Psychic Psychic, Unspecified=에스퍼 에스퍼 | Vocaloid Wiki: English=Esper Esper / Psychic Psychic, Romaji=Esupaa Esupaa",https://vocadb.net/S/593626 | https://vocaloid.fandom.com/wiki/%E3%82%A8%E3%82%B9%E3%83%91%E3%83%BC%E3%82%A8%E3%82%B9%E3%83%91%E3%83%BC_%28Esper_Esper%29
SONG-0182,6,オーパーツ,オーパーツ,オーパーツ,KEEP_ORIGINAL,low,No stable Chinese localized title found across checked sources; preserve official/original title.,OOPÁRTS,OOPÁRTS,CURRENT,high,Existing en value is outside this audit gap.,"VocaDB: Japanese=オーパーツ, English=OOPÁRTS, Unspecified=OOPARTS, Unspecified=Out-of-place artifact, Unspecified=오파츠 | Vocaloid Wiki: Official English=OOPÁRTS, Romaji=Oopaatsu",https://vocadb.net/S/840401 | https://vocaloid.fandom.com/wiki/%E3%82%AA%E3%83%BC%E3%83%91%E3%83%BC%E3%83%84_%28OOP%C3%81rts%29
SONG-0186,6,ガッチュー！,ガッチュー！,ガッチュー！,KEEP_ORIGINAL,low,No stable Chinese localized title found across checked sources; preserve official/original title.,I GOT YOU!,I GOT YOU!,CURRENT,high,Existing en value is outside this audit gap.,"VocaDB: Japanese=ガッチュー！, English=I GOT YOU!, Unspecified=Gotchu!, Romaji=Got You!, Unspecified=I Got You!, Unspecified=갓츄! | Vocaloid Wiki: Official English=I GOT YOU!, English=Gotchu!, Romaji=Gacchuu!",https://vocadb.net/S/563199 | https://vocaloid.fandom.com/wiki/%E3%82%AC%E3%83%83%E3%83%81%E3%83%A5%E3%83%BC%EF%BC%81_%28Gotchu%21%29
SONG-0190,6,きみとそらをとぶ,きみとそらをとぶ,与你翱游天际,TRANSLATE,high,Pokemon x Hatsune Miku Chinese community upload uses this title.,Fly With You,Fly With You,CURRENT,high,Existing en value is outside this audit gap.,"VocaDB: Japanese=きみとそらをとぶ, Romaji=Kimi to Sora o Tobu, English=Fly With You, Unspecified=Flying to The Sky With You, Unspecified=Flying in the Sky with You, Unspecified=Flying With You to the Sky, Unspecified=너와 공중을 날다 | Vocaloid Wiki: Official English=Fly With You, English=Flying With You to the Sky, Romaji=Kimi to Sora o Tobu | Chinese community check: 与你翱游天际",https://vocadb.net/S/560308 | https://vocaloid.fandom.com/wiki/%E3%81%8D%E3%81%BF%E3%81%A8%E3%81%9D%E3%82%89%E3%82%92%E3%81%A8%E3%81%B6_%28Kimi_to_Sora_o_Tobu%29 | https://search.bilibili.com/all?keyword=%22%E3%81%8D%E3%81%BF%E3%81%A8%E3%81%9D%E3%82%89%E3%82%92%E3%81%A8%E3%81%B6%22+%22%E4%B8%8E%E4%BD%A0%E7%BF%B1%E6%B8%B8%E5%A4%A9%E9%99%85%22
SONG-0198,6,クロスロード,クロスロード,交叉路口,TRANSLATE,medium,Pokemon x Hatsune Miku Chinese community upload uses this title.,Crossroad,Crossroad,CURRENT,high,Existing en value is outside this audit gap.,"VocaDB: Japanese=クロスロード, English=Crossroad | Vocaloid Wiki: English=Crossroad, Romaji=Kurosuroodo | Chinese community check: 交叉路口",https://vocadb.net/S/155068 | https://vocaloid.fandom.com/wiki/%E3%82%AF%E3%83%AD%E3%82%B9%E3%83%AD%E3%83%BC%E3%83%89_%28Crossroad%29 | https://search.bilibili.com/all?keyword=%22%E3%82%AF%E3%83%AD%E3%82%B9%E3%83%AD%E3%83%BC%E3%83%89%22+%22%E4%BA%A4%E5%8F%89%E8%B7%AF%E5%8F%A3%22
SONG-0200,6,ゴー！ビッパ団,ゴー！ビッパ団,ゴー！ビッパ団,KEEP_ORIGINAL,low,No stable Chinese localized title found across checked sources; preserve official/original title.,GO! Team BIPPA,GO! Team BIPPA,CURRENT,high,Existing en value is outside this audit gap.,"VocaDB: Japanese=ゴー！ビッパ団, English=GO! Team BIPPA, Unspecified=GO! Team BIDOOF, Romaji=Go! Bippa Dan, Unspecified=Go! Bidoof Group, Unspecified=고! 비버니단 | Vocaloid Wiki: Official English=GO! Team BIPPA, English=Go! Team, Romaji=Goo! Bippa Dan",https://vocadb.net/S/581632 | https://vocaloid.fandom.com/wiki/%E3%82%B4%E3%83%BC%EF%BC%81%E3%83%93%E3%83%83%E3%83%91%E5%9B%A3_%28Go%21_Bippa_Dan%29
SONG-0214,6,しんかしんかしんか,しんかしんかしんか,しんかしんかしんか,KEEP_ORIGINAL,low,No stable Chinese localized title found across checked sources; preserve official/original title.,EVOLVE EVOLVE EVOLVE,EVOLVE EVOLVE EVOLVE,CURRENT,high,Existing en value is outside this audit gap.,"VocaDB: Japanese=しんかしんかしんか, Romaji=Shinka Shinka Shinka, English=EVOLVE EVOLVE EVOLVE, Unspecified=Evolution Evolution Evolution | Vocaloid Wiki: Official English=EVOLVE EVOLVE EVOLVE, English=Evolution Evolution Evolution, Romaji=Shinka Shinka Shinka",https://vocadb.net/S/709668 | https://vocaloid.fandom.com/wiki/%E3%81%97%E3%82%93%E3%81%8B%E3%81%97%E3%82%93%E3%81%8B%E3%81%97%E3%82%93%E3%81%8B_%28Shinka_Shinka_Shinka%29
SONG-0226,6,スパイラル・メロディーズ,スパイラル・メロディーズ,螺旋旋律,TRANSLATE,medium,Pokemon x Hatsune Miku Chinese community usage; 回旋・旋律 also appears.,Spiral Melodies,Spiral Melodies,CURRENT,high,Existing en value is outside this audit gap.,"VocaDB: Japanese=スパイラル・メロディーズ, English=Spiral Melodies | Vocaloid Wiki: English=Spiral Melodies, Romaji=Supairaru Merodeiizu | Chinese community check: 螺旋旋律",https://vocadb.net/S/925294 | https://vocaloid.fandom.com/wiki/%E3%82%B9%E3%83%91%E3%82%A4%E3%83%A9%E3%83%AB%E3%83%BB%E3%83%A1%E3%83%AD%E3%83%87%E3%82%A3%E3%83%BC%E3%82%BA_%28Spiral_Melodies%29 | https://search.bilibili.com/all?keyword=%22%E3%82%B9%E3%83%91%E3%82%A4%E3%83%A9%E3%83%AB%E3%83%BB%E3%83%A1%E3%83%AD%E3%83%87%E3%82%A3%E3%83%BC%E3%82%BA%22+%22%E8%9E%BA%E6%97%8B%E6%97%8B%E5%BE%8B%22
SONG-0233,6,たびだちのうた,たびだちのうた,たびだちのうた,KEEP_ORIGINAL,low,No stable Chinese localized title found across checked sources; preserve official/original title.,Departure Song,Departure Song,CURRENT,high,Existing en value is outside this audit gap.,"VocaDB: Japanese=たびだちのうた, Romaji=Tabidachi no Uta, English=Departure Song | Vocaloid Wiki: Official English=Departure Song, Romaji=Tabidachi no Uta",https://vocadb.net/S/906978 | https://vocaloid.fandom.com/wiki/%E3%81%9F%E3%81%B3%E3%81%A0%E3%81%A1%E3%81%AE%E3%81%86%E3%81%9F_%28Tabidachi_no_Uta%29
SONG-0234,6,たびのまえ、たびのあと,たびのまえ、たびのあと,たびのまえ、たびのあと,KEEP_ORIGINAL,low,No stable Chinese localized title found across checked sources; preserve official/original title.,"Journey's Prequels, Journey's Traces","Journey's Prequels, Journey's Traces",CURRENT,high,Existing en value is outside this audit gap.,"VocaDB: Japanese=たびのまえ、たびのあと, English=Journey's Prequels, Journey's Traces, Romaji=Tabi no Mae, Tabi no Ato, Unspecified=여행 전, 여행 후 | Vocaloid Wiki: Official English=Journey's Prequels, Journey's Traces, Romaji=Tabi no Mae, Tabi no Ato",https://vocadb.net/S/592083 | https://vocaloid.fandom.com/wiki/%E3%81%9F%E3%81%B3%E3%81%AE%E3%81%BE%E3%81%88%E3%80%81%E3%81%9F%E3%81%B3%E3%81%AE%E3%81%82%E3%81%A8_%28Tabi_no_Mae%2C_Tabi_no_Ato%29
SONG-0237,6,チャンピオン,チャンピオン,冠军,TRANSLATE,high,Pokemon x Hatsune Miku Chinese community upload uses 冠军.,Champion,Champion,CURRENT,high,Existing en value is outside this audit gap.,"VocaDB: Japanese=チャンピオン, English=Champion, Unspecified=챔피언 | Vocaloid Wiki: English=Champion, Romaji=Chanpion | Chinese community check: 冠军",https://vocadb.net/S/650687 | https://vocaloid.fandom.com/wiki/%E3%83%81%E3%83%A3%E3%83%B3%E3%83%94%E3%82%AA%E3%83%B3_%28Champion%29 | https://search.bilibili.com/all?keyword=%22%E3%83%81%E3%83%A3%E3%83%B3%E3%83%94%E3%82%AA%E3%83%B3%22+%22%E5%86%A0%E5%86%9B%22
SONG-0246,6,ドキドキ！,ドキドキ！,ドキドキ！,KEEP_ORIGINAL,low,No stable Chinese localized title found across checked sources; preserve official/original title.,Heart-Pounding!,Heart-Pounding!,CURRENT,high,Existing en value is outside this audit gap.,"VocaDB: Japanese=ドキドキ！, Romaji=DOKIDOKI, Unspecified=Dokidoki!, English=Heart-Pounding! | Vocaloid Wiki: English=Heart-Pounding!, Romaji=Dokidoki!",https://vocadb.net/S/853916 | https://vocaloid.fandom.com/wiki/%E3%83%89%E3%82%AD%E3%83%89%E3%82%AD%EF%BC%81_%28Dokidoki%21%29
SONG-0271,6,ひゅ〜どろどろ,ひゅ〜どろどろ,ひゅ〜どろどろ,KEEP_ORIGINAL,low,No stable Chinese localized title found across checked sources; preserve official/original title.,"Woo~oosh, Oozing","Woo~oosh, Oozing",CURRENT,high,Existing en value is outside this audit gap.,"VocaDB: Japanese=ひゅ〜どろどろ, Romaji=Hyu~dorodoro, Unspecified=Huh, Muddled, English=Awoo, Unspecified=Woo~oosh, Oozing, Unspecified=Spooky winds, Unspecified=Hyuu~Dorodoro, Unspecified=휴~ 두두두둥 | Vocaloid Wiki: English=Woo~oosh, Oozing, Romaji=Hyuu Dorodoro",https://vocadb.net/S/584100 | https://vocaloid.fandom.com/wiki/%E3%81%B2%E3%82%85%E3%80%9C%E3%81%A9%E3%82%8D%E3%81%A9%E3%82%8D_%28Hyuu_Dorodoro%29
SONG-0274,6,ファサード・クエスチョン,ファサード・クエスチョン,ファサード・クエスチョン,KEEP_ORIGINAL,low,No stable Chinese localized title found across checked sources; preserve official/original title.,Facade Question,Facade Question,CURRENT,high,Existing en value is outside this audit gap.,"VocaDB: Japanese=ファサード・クエスチョン, English=Facade Question, Unspecified=Façade Question, Unspecified=파사드 질문, Unspecified=Questão de fachada",https://vocadb.net/S/771172
SONG-0298,6,ミライどんなだろう,ミライどんなだろう,ミライどんなだろう,KEEP_ORIGINAL,low,No stable Chinese localized title found across checked sources; preserve official/original title.,What Kind of Future,What Kind of Future,CURRENT,high,Existing en value is outside this audit gap.,"VocaDB: Japanese=ミライどんなだろう, Romaji=Mirai Donna Darou, English=What Kind of Future, Unspecified=Miraidon Na Darou, Unspecified=I Wonder What the Future's Like, Unspecified=미래는 어떨까 | Vocaloid Wiki: Official English=What Kind of Future, Romaji=Mirai Donna Darou",https://vocadb.net/S/536349 | https://vocaloid.fandom.com/wiki/%E3%83%9F%E3%83%A9%E3%82%A4%E3%81%A9%E3%82%93%E3%81%AA%E3%81%A0%E3%82%8D%E3%81%86_%28Mirai_Donna_Darou%29
SONG-0301,6,むげんのチケット,むげんのチケット,无限船票,TRANSLATE,high,Pokemon x Hatsune Miku Chinese community usage is consistent.,Mugen no Chiketto,Mugen no Chiketto,CURRENT,high,Existing en value is outside this audit gap.,"VocaDB: Japanese=むげんのチケット, Romaji=mugen no ticket, English=Eon Ticket, Unspecified=Infinite Ticket | Vocaloid Wiki: English=, Romaji=Mugen no Chiketto | Chinese community check: 无限船票",https://vocadb.net/S/586830 | https://vocaloid.fandom.com/wiki/%E3%82%80%E3%81%92%E3%82%93%E3%81%AE%E3%83%81%E3%82%B1%E3%83%83%E3%83%88_%28Mugen_no_Ticket%29 | https://search.bilibili.com/all?keyword=%22%E3%82%80%E3%81%92%E3%82%93%E3%81%AE%E3%83%81%E3%82%B1%E3%83%83%E3%83%88%22+%22%E6%97%A0%E9%99%90%E8%88%B9%E7%A5%A8%22
SONG-0307,6,メロメロイド,メロメロイド,メロメロイド,KEEP_ORIGINAL,low,No stable Chinese localized title found across checked sources; preserve official/original title.,MELLOMELLOID,MELLOMELLOID,CURRENT,high,Existing en value is outside this audit gap.,"Vocaloid Wiki: Official English=MELLOMELLOID, English=-oid, Romaji=Meromeroido",https://vocaloid.fandom.com/wiki/%E3%83%A1%E3%83%AD%E3%83%A1%E3%83%AD%E3%82%A4%E3%83%89_%28Meromeroid%29
SONG-0345,6,俺ゴーストタイプ,俺ゴーストタイプ,俺ゴーストタイプ,KEEP_ORIGINAL,low,No stable Chinese localized title found across checked sources; preserve official/original title.,I'm a Ghost Type,I'm a Ghost Type,CURRENT,high,Existing en value is outside this audit gap.,"VocaDB: Japanese=俺ゴーストタイプ, Romaji=Ore Ghost Type, English=I'm a Ghost Type, Unspecified=나 고스트 타입 | Vocaloid Wiki: English=I'm a Ghost Type, Romaji=Ore Goosuto Taipu",https://vocadb.net/S/579184 | https://vocaloid.fandom.com/wiki/%E4%BF%BA%E3%82%B4%E3%83%BC%E3%82%B9%E3%83%88%E3%82%BF%E3%82%A4%E3%83%97_%28Ore_Ghost_Type%29
SONG-0433,6,恋スルVOC＠LOID,恋スルVOC＠LOID,恋スルVOC＠LOID,KEEP_ORIGINAL,low,No stable Chinese localized title found across checked sources; preserve official/original title.,VOC@LOID in Love,VOC@LOID in Love,CURRENT,high,Existing en value is outside this audit gap.,"VocaDB: Japanese=恋スルVOC@LOID, Romaji=Koisuru VOC@LOID, English=VOC@LOID in Love, Unspecified=Loving VOC@LOID, Unspecified=Vocaloid in Love | Vocaloid Wiki: English=VOC@LOID in Love, Romaji=Koisuru VOC@LOID",https://vocadb.net/S/249466 | https://vocaloid.fandom.com/wiki/%E6%81%8B%E3%82%B9%E3%83%ABVOC%40LOID_%28Koisuru_VOC%40LOID%29
SONG-0448,6,巡 -MEGURU-,巡 -MEGURU-,巡 -MEGURU-,CURRENT,high,Existing zh value is outside this audit gap.,巡 -MEGURU-,MEGURU,TRANSLATE,high,Official Kodo English site uses MEGURU and describes the eponymous theme song.,,https://www.kodo.or.jp/en/performance_en/performance_kodo_en/8291
SONG-0262,5,パズル,パズル,パズル,KEEP_ORIGINAL,low,No stable Chinese localized title found across checked sources; preserve official/original title.,Puzzle,Puzzle,CURRENT,high,Existing en value is outside this audit gap.,"VocaDB: Japanese=パズル, English=Puzzle | Vocaloid Wiki: English=Puzzle, Romaji=Pazuru",https://vocadb.net/S/325196 | https://vocaloid.fandom.com/wiki/%E3%83%91%E3%82%BA%E3%83%AB_%28Puzzle%29
SONG-0333,5,ワンダーランドと羊の歌,ワンダーランドと羊の歌,ワンダーランドと羊の歌,KEEP_ORIGINAL,low,No stable Chinese localized title found across checked sources; preserve official/original title.,Wonderland and the Sheep's Song,Wonderland and the Sheep's Song,CURRENT,high,Existing en value is outside this audit gap.,"VocaDB: Japanese=ワンダーランドと羊の歌, Romaji=Wonderland to Hitsuji no Uta, English=Wonderland and the Sheep's Song, Unspecified=Wanderland and the Sheep's song, Unspecified=Wandarland to Hitsuji no Uta, Unspecified=원더랜드와 양의 노래 | Vocaloid Wiki: English=Wonderland and the Sheep's Song, Romaji=Wandaarando to Hitsuji no Uta",https://vocadb.net/S/2988 | https://vocaloid.fandom.com/wiki/%E3%83%AF%E3%83%B3%E3%83%80%E3%83%BC%E3%83%A9%E3%83%B3%E3%83%89%E3%81%A8%E7%BE%8A%E3%81%AE%E6%AD%8C_%28Wonderland_to_Hitsuji_no_Uta%29
SONG-0388,5,聖槍爆裂ボーイ,聖槍爆裂ボーイ,聖槍爆裂ボーイ,KEEP_ORIGINAL,low,No stable Chinese localized title found across checked sources; preserve official/original title.,Holy Lance Explosion Boy,Holy Lance Explosion Boy,CURRENT,high,Existing en value is outside this audit gap.,"Vocaloid Wiki: Official English=Holy Lance Explosion Boy, English=Sacred Spear Explosion Boy, Romaji=Seisou Bakuretsu Boy",https://vocaloid.fandom.com/wiki/%E8%81%96%E6%A7%8D%E7%88%86%E8%A3%82%E3%83%9C%E3%83%BC%E3%82%A4_%28Seisou_Bakuretsu_Boy%29
SONG-0445,5,三宅,三宅,三宅,CURRENT,high,Existing zh value is outside this audit gap.,三宅,Miyake,TRANSLATE,high,Official Kodo English repertoire/discography title.,,https://www.kodo.or.jp/info/39916
SONG-0221,4,ステラ,ステラ,ステラ,KEEP_ORIGINAL,low,No stable Chinese localized title found across checked sources; preserve official/original title.,Stella,Stella,CURRENT,high,Existing en value is outside this audit gap.,"PJSK JP/EN/CN: ステラ/Stella/ステラ | VocaDB: Japanese=ステラ, English=stella, Japanese=stella -ステラ- | Vocaloid Wiki: English=Stella, Romaji=Sutera",https://github.com/Sekai-World/sekai-master-db-diff/blob/main/musics.json | https://vocadb.net/S/82284 | https://vocaloid.fandom.com/wiki/%E3%82%B9%E3%83%86%E3%83%A9_%28Stella%29/Kotsuban-P
SONG-0241,4,テレカクシ思春期,テレカクシ思春期,テレカクシ思春期,KEEP_ORIGINAL,low,No stable Chinese localized title found across checked sources; preserve official/original title.,Embarrassment-Hiding Adolescence,Embarrassment-Hiding Adolescence,CURRENT,high,Existing en value is outside this audit gap.,"VocaDB: Japanese=テレカクシ思春期, Romaji=Terekakushi Shishunki, English=Embarrassment-Hiding Adolescence | Vocaloid Wiki: Official English=Embarrassment-Hiding Adolescence, English=Hidden Shy Puberty, Romaji=Terekakushi Shishunki",https://vocadb.net/S/42649 | https://vocaloid.fandom.com/wiki/%E3%83%86%E3%83%AC%E3%82%AB%E3%82%AF%E3%82%B7%E6%80%9D%E6%98%A5%E6%9C%9F_%28Terekakushi_Shishunki%29
SONG-0272,4,ファインダー (DSLR remix-re:edit),ファインダー (DSLR remix-re:edit),ファインダー (DSLR remix-re:edit),KEEP_ORIGINAL,low,No stable Chinese localized title found across checked sources; preserve official/original title.,ファインダー (DSLR remix-re:edit),finder (DSLR remix-re:edit),TRANSLATE,high,Vocaloid Wiki marks finder as Official English; remix suffix preserved.,"VocaDB: Japanese=ファインダー, English=finder, English=Finder, Unspecified=finder | Vocaloid Wiki: Official English=finder, English=Viewfinder, Romaji=Faindaa",https://vocadb.net/S/2440 | https://vocaloid.fandom.com/wiki/%E3%83%95%E3%82%A1%E3%82%A4%E3%83%B3%E3%83%80%E3%83%BC_%28finder%29
SONG-0092,3,NEPPUU～熱風～,NEPPUU 热风,NEPPUU 热风,CURRENT,high,Existing zh value is outside this audit gap.,NEPPUU～熱風～,NEPPUU ~Blistering Wind~,TRANSLATE,medium,Exact Vocaloid Wiki English label; NEPPUU branding preserved.,"Vocaloid Wiki: English=NEPPUU ~Blistering Wind~, Romaji=[https://en.wiktionary.org/wiki/熱風 NEPPUU]",https://vocaloid.fandom.com/wiki/NEPPUU%E3%80%9C%E7%86%B1%E9%A2%A8%E3%80%9C_%28Neppuu%29
SONG-0149,3,アイドル戦士,アイドル戦士,アイドル戦士,KEEP_ORIGINAL,low,No stable Chinese localized title found across checked sources; preserve official/original title.,アイドル戦士,Idol Warrior,TRANSLATE,medium,High-confidence exact VocaDB match for Mitchie M.,"VocaDB: Japanese=アイドル戦士, Romaji=Idol Senshi, English=Idol Warrior | Vocaloid Wiki page: Mitchie M",https://vocadb.net/S/760683 | https://vocaloid.fandom.com/wiki/Mitchie_M
SONG-0171,3,インビテーション！,インビテーション！,インビテーション！,KEEP_ORIGINAL,low,No stable Chinese localized title found across checked sources; preserve official/original title.,INVITATION!,INVITATION!,CURRENT,high,Existing en value is outside this audit gap.,"VocaDB: Japanese=インビテーション！, English=INVITATION! | Vocaloid Wiki: English=INVITATION!, Romaji=Inviteeshon!",https://vocadb.net/S/501614 | https://vocaloid.fandom.com/wiki/%E3%82%A4%E3%83%B3%E3%83%93%E3%83%86%E3%83%BC%E3%82%B7%E3%83%A7%E3%83%B3%EF%BC%81_%28Invitation%21%29
SONG-0197,3,クローバー♣クラブ,クローバー♣クラブ,クローバー♣クラブ,KEEP_ORIGINAL,low,No stable Chinese localized title found across checked sources; preserve official/original title.,Clover♣Club,Clover♣Club,CURRENT,high,Existing en value is outside this audit gap.,"Vocaloid Wiki: English=Clover♣Club, Romaji=Kuroobaa♣Kurabu",https://vocaloid.fandom.com/wiki/%E3%82%AF%E3%83%AD%E3%83%BC%E3%83%90%E3%83%BC%E2%99%A3%E3%82%AF%E3%83%A9%E3%83%96_%28Clover%E2%99%A3Club%29
SONG-0211,3,シアンブルー,シアンブルー,シアンブルー,KEEP_ORIGINAL,low,No stable Chinese localized title found across checked sources; preserve official/original title.,Cyan Blue,Cyan Blue,CURRENT,high,Existing en value is outside this audit gap.,"VocaDB: Japanese=シアンブルー, English=Cyan Blue | Vocaloid Wiki: English=Cyan Blue, Romaji=Shian Buruu",https://vocadb.net/S/887891 | https://vocaloid.fandom.com/wiki/%E3%82%B7%E3%82%A2%E3%83%B3%E3%83%96%E3%83%AB%E3%83%BC_%28Cyan_Blue%29
SONG-0362,3,祭りだヘイカモン,祭りだヘイカモン,祭りだヘイカモン,KEEP_ORIGINAL,low,No stable Chinese localized title found across checked sources; preserve official/original title.,"It’s Matsuri, Hey Come On!","It’s Matsuri, Hey Come On!",CURRENT,high,Existing en value is outside this audit gap.,"VocaDB: Japanese=祭りだヘイカモン, English=It’s a Festival, Hey Come On!, Romaji=Matsuri da Hey Come On, Unspecified=축제다 헤이 컴 온 | Vocaloid Wiki: Official English=It’s Matsuri, Hey Come On!, English=It's a Festival, Hey, C'mon, Romaji=Matsuri da, Hey C'mon",https://vocadb.net/S/99595 | https://vocaloid.fandom.com/wiki/%E7%A5%AD%E3%82%8A%E3%81%A0%E3%83%98%E3%82%A4%E3%82%AB%E3%83%A2%E3%83%B3_%28Matsuri_da_Hey_Come_On%29
SONG-0443,3,蜂の風,蜂の風,蜂の風,KEEP_ORIGINAL,low,No stable Chinese localized title found across checked sources; preserve official/original title.,蜂の風,蜂の風,KEEP_ORIGINAL,low,No reliable English or romanized title found; do not invent one.,,https://search.bilibili.com/all?keyword=%E8%9C%82%E3%81%AE%E9%A2%A8
SONG-0447,3,能菅＋平胴,能菅＋平胴,能菅＋平胴,CURRENT,high,Existing zh value is outside this audit gap.,能菅＋平胴,能菅＋平胴,KEEP_ORIGINAL,low,No reliable English title found in Kodo/Vocaloid sources.,,https://search.bilibili.com/all?keyword=%E8%83%BD%E8%8F%85%EF%BC%8B%E5%B9%B3%E8%83%B4
SONG-0449,3,いのち もやしてたたけよ,いのち もやしてたたけよ,いのち もやしてたたけよ,KEEP_ORIGINAL,low,No stable Chinese localized title found across checked sources; preserve official/original title.,Inochi Moyashite Tatake yo,Inochi Moyashite Tatake yo,CURRENT,high,Existing en value is outside this audit gap.,,https://search.bilibili.com/all?keyword=%E3%81%84%E3%81%AE%E3%81%A1+%E3%82%82%E3%82%84%E3%81%97%E3%81%A6%E3%81%9F%E3%81%9F%E3%81%91%E3%82%88
SONG-0450,3,LION（獅子吼）,LION（獅子吼）,LION（獅子吼）,CURRENT,high,Existing zh value is outside this audit gap.,LION（獅子吼）,LION,TRANSLATE,high,Official Kodo English discography lists the piece as LION.,,https://www.kodo.or.jp/discography/sicl155_en.html
SONG-0184,2,おじゃま虫,おじゃま虫,おじゃま虫,KEEP_ORIGINAL,low,No stable Chinese localized title found across checked sources; preserve official/original title.,Stickybug,Stickybug,CURRENT,high,Existing en value is outside this audit gap.,"Vocaloid Wiki: English=Stickybug, Romaji=Ojama Mushi",https://vocaloid.fandom.com/wiki/%E3%81%8A%E3%81%98%E3%82%83%E3%81%BE%E8%99%AB_%28Ojama_Mushi%29
SONG-0207,2,サウンド,サウンド,サウンド,KEEP_ORIGINAL,low,No stable Chinese localized title found across checked sources; preserve official/original title.,sound,sound,CURRENT,high,Existing en value is outside this audit gap.,"VocaDB: Japanese=サウンド, English=sound | Vocaloid Wiki: English=sound",https://vocadb.net/S/713460 | https://vocaloid.fandom.com/wiki/%E3%82%B5%E3%82%A6%E3%83%B3%E3%83%89_%28sound%29
SONG-0208,2,サヨナラ・グッバイ,サヨナラ・グッバイ,再见・Goodbye,REVIEW,medium,Attested Chinese Project DIVA community alias.,Sayonara Goodbye,Sayonara Goodbye,CURRENT,high,Existing en value is outside this audit gap.,"VocaDB: Japanese=サヨナラ・グッバイ, English=Sayonara Goodbye, Unspecified=Sayonara, Goodbye, Unspecified=사요나라 굿바이 | Vocaloid Wiki: Official English=Sayonara Goodbye, English=Farewell Goodbye, Romaji=Sayonara·Gubbai | Chinese community check: 再见・Goodbye",https://vocadb.net/S/2652 | https://vocaloid.fandom.com/wiki/%E3%82%B5%E3%83%A8%E3%83%8A%E3%83%A9%E3%83%BB%E3%82%B0%E3%83%83%E3%83%90%E3%82%A4_%28Sayonara%C2%B7Goodbye%29 | https://search.bilibili.com/all?keyword=%22%E3%82%B5%E3%83%A8%E3%83%8A%E3%83%A9%E3%83%BB%E3%82%B0%E3%83%83%E3%83%90%E3%82%A4%22+%22%E5%86%8D%E8%A7%81%E3%83%BBGoodbye%22
SONG-0224,2,ストロボナイツ,ストロボナイツ,ストロボナイツ,KEEP_ORIGINAL,low,No stable Chinese localized title found across checked sources; preserve official/original title.,Strobe Nights,Strobe Nights,CURRENT,high,Existing en value is outside this audit gap.,"Vocaloid Wiki: Official English=Strobe Nights, English=Strobo Nights, Romaji=Sutorobo Naitsu",https://vocaloid.fandom.com/wiki/%E3%82%B9%E3%83%88%E3%83%AD%E3%83%9C%E3%83%8A%E3%82%A4%E3%83%84_%28Strobe_Nights%29
SONG-0232,2,タイムリミット,タイムリミット,タイムリミット,KEEP_ORIGINAL,low,No stable Chinese localized title found across checked sources; preserve official/original title.,Time Limit,Time Limit,CURRENT,high,Existing en value is outside this audit gap.,"VocaDB: Japanese=タイムリミット, Romaji=Time Limit | Vocaloid Wiki: English=Time Limit",https://vocadb.net/S/335783 | https://vocaloid.fandom.com/wiki/%E3%82%BF%E3%82%A4%E3%83%A0%E3%83%AA%E3%83%9F%E3%83%83%E3%83%88_%28Time_Limit%29
SONG-0236,2,チェリーポップ,チェリーポップ,チェリーポップ,KEEP_ORIGINAL,low,No stable Chinese localized title found across checked sources; preserve official/original title.,Cherry Pop,Cherry Pop,CURRENT,high,Existing en value is outside this audit gap.,"Vocaloid Wiki: Official English=Cherry Pop, Romaji=Cherii Poppu",https://vocaloid.fandom.com/wiki/%E3%83%81%E3%82%A7%E3%83%AA%E3%83%BC%E3%83%9D%E3%83%83%E3%83%97_%28Cherry_Pop%29
SONG-0243,2,テレパシ,テレパシ,テレパシ,KEEP_ORIGINAL,low,No stable Chinese localized title found across checked sources; preserve official/original title.,Telepathy,Telepathy,CURRENT,high,Existing en value is outside this audit gap.,"Vocaloid Wiki: Official English=Telepathy, Romaji=Terepashi",https://vocaloid.fandom.com/wiki/%E3%83%86%E3%83%AC%E3%83%91%E3%82%B7_%28Telepathy%29
SONG-0257,2,ハートアラモード,ハートアラモード,ハートアラモード,KEEP_ORIGINAL,low,No stable Chinese localized title found across checked sources; preserve official/original title.,Heart a la Mode,Heart a la Mode,CURRENT,high,Existing en value is outside this audit gap.,"VocaDB: Japanese=ハートアラモード, English=Heart à la mode, Unspecified=하트 아 라 모드 | Vocaloid Wiki: English=Heart a la Mode, Romaji=Haato a ra moodo",https://vocadb.net/S/67964 | https://vocaloid.fandom.com/wiki/%E3%83%8F%E3%83%BC%E3%83%88%E3%82%A2%E3%83%A9%E3%83%A2%E3%83%BC%E3%83%89_%28Heart_a_la_Mode%29
SONG-0259,2,ハオ,ハオ,好,TRANSLATE,high,Vocaloid Wiki explicitly provides Chinese.,HAO,HAO,CURRENT,high,Existing en value is outside this audit gap.,"PJSK JP/EN/CN: ハオ/—/— | VocaDB: Japanese=ハオ, Romaji=HAO, Unspecified=好, Unspecified=Hǎo, Unspecified=하오 | Vocaloid Wiki: Official English=HAO, Chinese=好 | Chinese community check: 好",https://github.com/Sekai-World/sekai-master-db-diff/blob/main/musics.json | https://vocadb.net/S/640212 | https://vocaloid.fandom.com/wiki/%E3%83%8F%E3%82%AA_%28Hao%29 | https://search.bilibili.com/all?keyword=%22%E3%83%8F%E3%82%AA%22+%22%E5%A5%BD%22
SONG-0263,2,ハト,ハト,ハト,KEEP_ORIGINAL,low,No stable Chinese localized title found across checked sources; preserve official/original title.,White Dove,White Dove,CURRENT,high,Existing en value is outside this audit gap.,"VocaDB: Japanese=ハト, Romaji=Hato, English=White Dove, Unspecified=Pigeon | Vocaloid Wiki: English=Pigeon, Romaji=Hato",https://vocadb.net/S/108735 | https://vocaloid.fandom.com/wiki/%E3%83%8F%E3%83%88_%28Hato%29
SONG-0291,2,マシュマロ,マシュマロ,マシュマロ,KEEP_ORIGINAL,low,No stable Chinese localized title found across checked sources; preserve official/original title.,Marshmallow,Marshmallow,CURRENT,high,Existing en value is outside this audit gap.,"Vocaloid Wiki: Official English=Marshmallow, Romaji=Mashumaro",https://vocaloid.fandom.com/wiki/%E3%83%9E%E3%82%B7%E3%83%A5%E3%83%9E%E3%83%AD_%28Marshmallow%29
SONG-0297,2,みくみく菌にご注意!,みくみく菌にご注意!,みくみく菌にご注意!,KEEP_ORIGINAL,low,No stable Chinese localized title found across checked sources; preserve official/original title.,Beware of the Miku Miku Germs♪ (PD),Beware of the Miku Miku Germs♪ (PD),CURRENT,high,Existing en value is outside this audit gap.,"Vocaloid Wiki: Approved English=Beware of the Miku Miku Germs♪ (PD), English=Beware of the Miku Miku Bacteria♪, Romaji=Miku Miku-kin ni Gochuui♪",https://vocaloid.fandom.com/wiki/%E3%81%BF%E3%81%8F%E3%81%BF%E3%81%8F%E8%8F%8C%E3%81%AB%E3%81%94%E6%B3%A8%E6%84%8F%E2%99%AA_%28Miku_Miku-kin_ni_Gochuui%E2%99%AA%29
SONG-0317,2,ラビットホール (Reloaded),Rabbit Hole (Reloaded),Rabbit Hole (Reloaded),CURRENT,high,Existing zh value is outside this audit gap.,ラビットホール (Reloaded),Rabbit Hole (Reloaded),TRANSLATE,high,Base title is consistently Rabbit Hole; version suffix preserved.,"Vocaloid Wiki: English=Rabbit Hole, Romaji=Rabitto Hooru",https://vocaloid.fandom.com/wiki/%E3%83%A9%E3%83%93%E3%83%83%E3%83%88%E3%83%9B%E3%83%BC%E3%83%AB_%28Rabbit_Hole%29
SONG-0339,2,愛迷エレジー (Reloaded),愛迷エレジー (Reloaded),愛迷エレジー (Reloaded),KEEP_ORIGINAL,low,No stable Chinese localized title found across checked sources; preserve official/original title.,Lost Love Elegy,Lost Love Elegy,CURRENT,high,Existing en value is outside this audit gap.,"VocaDB: Japanese=愛迷エレジー, Romaji=Aimai Elegy, English=Love-Lost Elegy, Unspecified=Lost Love Elegy, Unspecified=사랑 미혹 엘레지 | Vocaloid Wiki: English=Lost Love Elegy, Romaji=Aimai Erejii",https://vocadb.net/S/1264 | https://vocaloid.fandom.com/wiki/%E6%84%9B%E8%BF%B7%E3%82%A8%E3%83%AC%E3%82%B8%E3%83%BC_%28Aimai_Elegy%29_%28album%29
SONG-0370,2,弱虫モンブラン (Reloaded),弱虫モンブラン (Reloaded),弱虫モンブラン (Reloaded),KEEP_ORIGINAL,low,No stable Chinese localized title found across checked sources; preserve official/original title.,Yowamushi,Yowamushi,CURRENT,high,Existing en value is outside this audit gap.,"Vocaloid Wiki: Official English=Yowamushi, English=Coward Montblanc, Romaji=Yowamushi Monburan",https://vocaloid.fandom.com/wiki/%E5%BC%B1%E8%99%AB%E3%83%A2%E3%83%B3%E3%83%96%E3%83%A9%E3%83%B3_%28Yowamushi_Montblanc%29
SONG-0441,2,你好 (Nǐhǎo),你好 (Nǐhǎo),你好 (Nǐhǎo),CURRENT,high,Existing zh value is outside this audit gap.,你好 (Nǐhǎo),Hello,TRANSLATE,high,Vocaloid Wiki marks Hello as Official English.,Vocaloid Wiki: Official English=Hello,https://vocaloid.fandom.com/wiki/%E4%BD%A0%E5%A5%BD_%28N%C7%90h%C7%8Eo%29
SONG-0065,1,intro (デP Megamix),intro (デP Megamix),intro (デP Megamix),KEEP_ORIGINAL,low,No stable Chinese localized title found across checked sources; preserve official/original title.,intro (デP Megamix),intro (デP Megamix),KEEP_ORIGINAL,low,No stable English expansion for デP in title evidence; preserve canonical title.,,https://search.bilibili.com/all?keyword=intro+%28%E3%83%87P+Megamix%29
SONG-0153,1,アドバンス,アドバンス,アドバンス,KEEP_ORIGINAL,low,No stable Chinese localized title found across checked sources; preserve official/original title.,Advance,Advance,CURRENT,high,Existing en value is outside this audit gap.,"VocaDB: Japanese=アドバンス, English=Advance | Vocaloid Wiki: English=Advance, Romaji=Adobansu",https://vocadb.net/S/9518 | https://vocaloid.fandom.com/wiki/%E3%82%A2%E3%83%89%E3%83%90%E3%83%B3%E3%82%B9_%28Advance%29
SONG-0161,1,アングレイデイズ,アングレイデイズ,アングレイデイズ,KEEP_ORIGINAL,low,No stable Chinese localized title found across checked sources; preserve official/original title.,ungray days,ungray days,CURRENT,high,Existing en value is outside this audit gap.,"VocaDB: Japanese=アングレイデイズ, English=ungray days, Unspecified=언그레이 데이즈 | Vocaloid Wiki: Official English=ungray days, Romaji=Angurei Deizu",https://vocadb.net/S/282018 | https://vocaloid.fandom.com/wiki/%E3%82%A2%E3%83%B3%E3%82%B0%E3%83%AC%E3%82%A4%E3%83%87%E3%82%A4%E3%82%BA_%28Ungray_Days%29
SONG-0175,1,ウララ,ウララ,ウララ,KEEP_ORIGINAL,low,No stable Chinese localized title found across checked sources; preserve official/original title.,ウララ,URARA,TRANSLATE,medium,VocaDB exact match for Zankyou-P gives URARA/Urara.,"VocaDB: Japanese=ウララ, Romaji=Urara | Vocaloid Wiki page: HATSUNE MIKU EXPO 2017 MALAYSIA",https://vocadb.net/S/127287 | https://vocaloid.fandom.com/wiki/HATSUNE_MIKU_EXPO_2017_MALAYSIA
SONG-0244,1,とある娼婦の恋,とある娼婦の恋,とある娼婦の恋,KEEP_ORIGINAL,low,No stable Chinese localized title found across checked sources; preserve official/original title.,A Certain Prostitute's Love,A Certain Prostitute's Love,CURRENT,high,Existing en value is outside this audit gap.,"VocaDB: Japanese=とある娼婦の恋, Romaji=Toaru Shoofu no Koi, English=Yes, We are the Opium Prostitutes!, Unspecified=A Certain Prostitute's Love | Vocaloid Wiki: English=A Certain Prostitute's Love, Romaji=Toaru Shoufu no Koi - Yes, We are the Opium Prostitutes!",https://vocadb.net/S/17294 | https://vocaloid.fandom.com/wiki/%E3%81%A8%E3%81%82%E3%82%8B%E5%A8%BC%E5%A9%A6%E3%81%AE%E6%81%8B_%28Toaru_Shoufu_no_Koi%29
SONG-0292,1,またね,またね,またね,KEEP_ORIGINAL,low,No stable Chinese localized title found across checked sources; preserve official/original title.,See You,See You,CURRENT,high,Existing en value is outside this audit gap.,"VocaDB: Japanese=またね | Vocaloid Wiki: English=See You, Romaji=Mata ne",https://vocadb.net/S/2045 | https://vocaloid.fandom.com/wiki/%E3%81%BE%E3%81%9F%E3%81%AD_%28Mata_ne%29
SONG-0322,1,リンリンシグナル,リンリンシグナル,リンリンシグナル,KEEP_ORIGINAL,low,No stable Chinese localized title found across checked sources; preserve official/original title.,RinRin Signal,RinRin Signal,CURRENT,high,Existing en value is outside this audit gap.,"Vocaloid Wiki: Official English=RinRin Signal, English=Rin Rin Signal ACT.2, Romaji=Rin Rin Shigunaru",https://vocaloid.fandom.com/wiki/%E3%83%AA%E3%83%B3%E3%83%AA%E3%83%B3%E3%82%B7%E3%82%B0%E3%83%8A%E3%83%AB_%28Rin_Rin_Signal%29
SONG-0350,1,既成事実三部作MegaMix,既成事実三部作MegaMix,既成事実三部作MegaMix,CURRENT,high,Existing zh value is outside this audit gap.,既成事実三部作MegaMix,既成事実三部作MegaMix,KEEP_ORIGINAL,low,No reliable English title found.,,https://search.bilibili.com/all?keyword=%E6%97%A2%E6%88%90%E4%BA%8B%E5%AE%9F%E4%B8%89%E9%83%A8%E4%BD%9CMegaMix
SONG-0352,1,牛乳飲め！,牛乳飲め！,牛乳飲め！,KEEP_ORIGINAL,low,No stable Chinese localized title found across checked sources; preserve official/original title.,You Should Drink Milk!,You Should Drink Milk!,CURRENT,high,Existing en value is outside this audit gap.,"VocaDB: Japanese=牛乳飲め！, English=You Should Drink Milk!, Romaji=Gyuuyuu Nome! | Vocaloid Wiki: Official English=You Should Drink Milk!, Romaji=Gyuunyuu Nome!",https://vocadb.net/S/8790 | https://vocaloid.fandom.com/wiki/%E7%89%9B%E4%B9%B3%E9%A3%B2%E3%82%81%EF%BC%81_%28Gyuunyuu_Nome%21%29
SONG-0361,1,再来一单,再来一单,再来一单,CURRENT,high,Existing zh value is outside this audit gap.,再来一单,再来一单,KEEP_ORIGINAL,low,Chinese original title; no reliable English localization found.,VocaDB: Japanese=再来一单,https://vocadb.net/S/217775
SONG-0364,1,桜日和とタイムマシン,桜日和とタイムマシン,桜日和とタイムマシン,KEEP_ORIGINAL,low,No stable Chinese localized title found across checked sources; preserve official/original title.,Sakura Biyori and Time Machine,Sakura Biyori and Time Machine,CURRENT,high,Existing en value is outside this audit gap.,"VocaDB: Japanese=桜日和とタイムマシン, English=Sakura Weather and Time Machine, Romaji=Sakurabiyori to Time Machine, Unspecified=Sakura Biyori and Time Machine, Unspecified=樱日和与时间机器 | Vocaloid Wiki: Official English=Sakura Biyori and Time Machine, English=Sakura Weather and Time Machine, Romaji=Sakura Biyori to Taimu Mashin",https://vocadb.net/S/618252 | https://vocaloid.fandom.com/wiki/%E6%A1%9C%E6%97%A5%E5%92%8C%E3%81%A8%E3%82%BF%E3%82%A4%E3%83%A0%E3%83%9E%E3%82%B7%E3%83%B3_%28Sakura_Biyori_to_Time_Machine%29
SONG-0366,1,四秒之眷,四秒之眷,四秒之眷,CURRENT,high,Existing zh value is outside this audit gap.,四秒之眷,Four Seconds of Care,REVIEW,low,"VocaDB contains an English rendering, but evidence for official/common status is weak.","VocaDB: Japanese=四秒之眷, Romaji=Sì Miǎo zhī Juàn, English=Four seconds of care | Vocaloid Wiki page: 四秒之眷 (Sì Miǎo zhī Juàn)",https://vocadb.net/S/109084 | https://vocaloid.fandom.com/wiki/%E5%9B%9B%E7%A7%92%E4%B9%8B%E7%9C%B7_%28S%C3%AC_Mi%C7%8Eo_zh%C4%AB_Ju%C3%A0n%29
SONG-0394,1,創聖のアクエリオン,創聖のアクエリオン,创圣的大天使,TRANSLATE,high,Widely established Chinese title of Genesis of Aquarion.,創聖のアクエリオン,Genesis of Aquarion,TRANSLATE,high,Widely established English title and VocaDB match.,Chinese community check: 创圣的大天使,https://search.bilibili.com/all?keyword=%22%E5%89%B5%E8%81%96%E3%81%AE%E3%82%A2%E3%82%AF%E3%82%A8%E3%83%AA%E3%82%AA%E3%83%B3%22+%22%E5%88%9B%E5%9C%A3%E7%9A%84%E5%A4%A7%E5%A4%A9%E4%BD%BF%22
SONG-0399,1,電気の恋人 -I am Programmer's Song-,电气的恋人 -I am Programmer's Song-,电气的恋人 -I am Programmer's Song-,CURRENT,high,Existing zh value is outside this audit gap.,電気の恋人 -I am Programmer's Song-,電気の恋人 -I am Programmer's Song-,KEEP_ORIGINAL,medium,Existing title already carries an English subtitle; no stronger canonical English form found.,,https://search.bilibili.com/all?keyword=%E9%9B%BB%E6%B0%97%E3%81%AE%E6%81%8B%E4%BA%BA+-I+am+Programmer%27s+Song-
SONG-0413,1,筆おろし,筆おろし,筆おろし,KEEP_ORIGINAL,low,No stable Chinese localized title found across checked sources; preserve official/original title.,筆おろし,Fudeoroshi,REVIEW,medium,VocaDB English 'Grated Brush' is questionable; romanization is safer if an English display value is required.,"VocaDB: Japanese=筆おろし, Romaji=Fudeoroshi, Unspecified=Distance From D to Heaven, English=Grated Brush | Vocaloid Wiki page: Dead Ball Project vol.3",https://vocadb.net/S/2477 | https://vocaloid.fandom.com/wiki/Dead_Ball_Project_vol.3
SONG-0423,1,木枯らしの朝,木枯らしの朝,木枯らしの朝,KEEP_ORIGINAL,low,No stable Chinese localized title found across checked sources; preserve official/original title.,Anyway the Wind Blows,Anyway the Wind Blows,CURRENT,high,Existing en value is outside this audit gap.,"VocaDB: Japanese=木枯らしの朝, Romaji=Kogarashi no Asa, English=Anyway the Wind Blows, Unspecified=Wintry Morning | Vocaloid Wiki: Official English=Anyway the Wind Blows, English=Wintry Morning, Romaji=Kogarashi no Asa",https://vocadb.net/S/8791 | https://vocaloid.fandom.com/wiki/%E6%9C%A8%E6%9E%AF%E3%82%89%E3%81%97%E3%81%AE%E6%9C%9D_%28Kogarashi_no_Asa%29
SONG-0427,1,与你同行～B With U～,与你同行～B With U～,与你同行～B With U～,CURRENT,high,Existing zh value is outside this audit gap.,与你同行～B With U～,与你同行～B With U～,KEEP_ORIGINAL,high,Official Bilibili title is Chinese + B With U; no official full-English title.,,https://www.bilibili.com/video/BV16W411s7Gz/
SONG-0436,1,恋は戦争 (future retro remix by kz),恋は戦争 (future retro remix by kz),恋爱战争 (future retro remix by kz),TRANSLATE,medium,Chinese community commonly uses 恋爱战争/恋爱是战争/恋爱就是战争; keep remix suffix exact.,恋は戦争 (future retro remix by kz),Love is War (future retro remix by kz),TRANSLATE,high,PJSK/VocaDB use Love is War; remix suffix preserved.,"PJSK JP/EN/CN: 恋は戦争/Love is War/恋は戦争 | Vocaloid Wiki: Official English=EAGER LOVE REVENGE, English=Love is War, Romaji=Koi wa Sensou | Chinese community check: 恋爱战争 (future retro remix by kz)",https://github.com/Sekai-World/sekai-master-db-diff/blob/main/musics.json | https://vocaloid.fandom.com/wiki/%E6%81%8B%E3%81%AF%E6%88%A6%E4%BA%89_%28Koi_wa_Sensou%29 | https://www.bilibili.com/video/BV1Wo4y127QC/ | https://search.bilibili.com/all?keyword=%22%E6%81%8B%E3%81%AF%E6%88%A6%E4%BA%89+%28future+retro+remix+by+kz%29%22+%22%E6%81%8B%E7%88%B1%E6%88%98%E4%BA%89+%28future+retro+remix+by+kz%29%22
